cluster_id,lat,lon,count,type,polygon,distance_to_coast
0,35.28385725721925,119.6703211425611,195,anchorage,"POLYGON ((119.77575752173914 35.1962198173913, 119.7249668283582 35.21051432835821, 119.62844432682927 35.24796108292683, 119.59321396825396 35.26527098412698, 119.63462674683544 35.335914525316454, 119.64162558000001 35.347845533333334, 119.65178572 35.36376796, 119.65861008333334 35.37100643055555, 119.72821196874999 35.33246636458333, 119.75235289873419 35.30588856962025, 119.76561881666666 35.279369116666665, 119.77575752173914 35.1962198173913))",18592.434685943936
1,39.14008433722095,119.15102698736251,487,anchorage,"POLYGON ((119.18111373913042 38.97915458152174, 119.10073971874999 38.984860822916666, 119.09257914999999 38.99735145, 119.06759491911764 39.05240555147059, 119.08325802739726 39.175312863013694, 119.1347899030733 39.202837371158395, 119.2973632909091 39.20794110303031, 119.3293155 39.192986, 119.35089711842106 39.178577276315785, 119.18634336666668 38.98319481, 119.18169218106996 38.97918144444445, 119.18111373913042 38.97915458152174))",16209.9151536178
10,38.90258265677712,118.66703438676036,480,anchorage,"POLYGON ((118.70698488235294 38.83842489705882, 118.61706428571428 38.847312274725276, 118.58782414746544 38.85227180645162, 118.57053392548076 38.85690103605769, 118.5625752875 38.8595200375, 118.55959830508475 38.86054545762712, 118.55907750000001 38.86073221621621, 118.55347983653846 38.86722425, 118.55399889589042 38.87572480547945, 118.55869698333332 38.90156540833333, 118.64165820895522 38.938864194029854, 118.65257392356689 38.941736675159234, 118.71078890109891 38.94734174725275, 118.79727183870968 38.92500370967742, 118.82101044000001 38.88262373333334, 118.80092069999999 38.85049927777778, 118.70980253488372 38.83873169767442, 118.70698488235294 38.83842489705882))",12833.864248900878
13,39.853584129830324,119.706183631602,278,anchorage,"POLYGON ((119.64993071698115 39.71390042138365, 119.5975155047619 39.76298457142857, 119.59401392391304 39.78802058695652, 119.58603378947369 39.91030948872181, 119.67137628787879 39.93321975757576, 119.71540637820512 39.939218102564105, 119.88130092857143 39.84346166071429, 119.86401860000001 39.79133788717949, 119.81470611111112 39.762719470085464, 119.68257223033707 39.722576247191014, 119.64993071698115 39.71390042138365))",11766.774633127474
20,31.431763845654768,121.52835872546387,557,anchorage,"POLYGON ((121.7379855510204 31.278005061224487, 121.56722206779662 31.286132508474576, 121.56719930612245 31.28613793877551, 121.22313641584158 31.643740356435647, 121.23492930232558 31.662122984496126, 121.26630102941175 31.66527922058824, 121.70148983475782 31.371425710826212, 121.72546907272728 31.348126127272728, 121.73172713432835 31.33722785074627, 121.7583258653846 31.283075865384617, 121.75682396721311 31.278539032786885, 121.7379855510204 31.278005061224487))",5784.536007155127
22,27.931659198432968,121.19757139488304,126,anchorage,"POLYGON ((121.31715002877698 27.862214244604317, 121.24399274074074 27.867347555555554, 121.11679 27.899737651515153, 121.110919625 27.940778024999997, 121.15376743859649 27.956442561403506, 121.15435217977527 27.956440640449436, 121.19427152112675 27.95563543661972, 121.29660346551724 27.92093822413793, 121.3314672745098 27.892707901960787, 121.335681984375 27.863372109375, 121.31715002877698 27.862214244604317))",7241.732572295374
26,38.98037963539988,121.75664730744683,147,anchorage,"POLYGON ((121.84745824590165 38.94805642622951, 121.65524606779661 38.96652123728814, 121.69867389855072 39.0178591884058, 121.74584932727272 39.023767672727274, 121.85934752702704 39.017206554054056, 121.89321578888888 38.996231622222226, 121.89870992 38.9771566, 121.84745824590165 38.94805642622951))",3624.106401156351
28,26.247662675404285,119.85811482866079,191,anchorage,"POLYGON ((119.84168540677966 26.174287101694915, 119.82958223728814 26.177769932203393, 119.80509296969697 26.188104939393938, 119.77707619 26.23501524, 119.79308267708332 26.264384979166667, 119.79346133846154 26.26494013846154, 119.85548924237429 26.326311408903546, 119.86121430187143 26.32443662815297, 119.87465144847329 26.319899797709922, 119.95205909090909 26.256950506493506, 119.9453686484375 26.2407753515625, 119.93509945263158 26.228832252631577, 119.91715212745098 26.21023685294118, 119.86934924175823 26.182450164835164, 119.84168540677966 26.174287101694915))",7911.089307598252
29,36.77323288140926,122.48487053169545,279,anchorage,"POLYGON ((122.57394972881356 36.56024494915254, 122.41612609375 36.5787495625, 122.37771578947367 36.591525092105265, 122.29133482178217 36.66675497029703, 122.28915718032786 36.67998186885246, 122.37468011926606 36.86496190825688, 122.4387579423077 36.88748899038462, 122.6392871 36.921090125, 122.66900035169492 36.89465105508474, 122.6939164883721 36.819966860465115, 122.7075934375 36.76667815625, 122.70203234042555 36.62289434042553, 122.57394972881356 36.56024494915254))",14055.734657432999
30,32.009606444644014,120.39444283295173,93,anchorage,"POLYGON ((120.32887103448276 31.95653924137931, 120.32907994736843 31.981475905263157, 120.33592783870968 31.992972725806453, 120.39835815555556 32.041695044444445, 120.46172521794873 32.07426988461538, 120.49213112499999 32.076083430555556, 120.49510181967214 32.076016459016394, 120.50885427659576 32.068322829787235, 120.4498318955224 31.98007067910448, 120.44913343548387 31.979306741935485, 120.43678950793651 31.970825904761902, 120.43497418918919 31.97019964864865, 120.43225392045453 31.96945665909091, 120.42792532978723 31.968454702127662, 120.42668915094339 31.96826588679245, 120.35549872340427 31.958779808510638, 120.32887103448276 31.95653924137931))",3487.2673564789293
32,26.468616246201304,120.0328782878629,89,anchorage,"POLYGON ((120.0558815 26.398691515151516, 120.00325331707319 26.422861512195123, 120.00166592592592 26.451311207407407, 120.00165660439559 26.469705164835165, 120.00184789814814 26.480111851851852, 120.00237687837839 26.480657702702704, 120.08332100826446 26.561382917355374, 120.08783754545455 26.563818090909088, 120.11754616666667 26.528317819444442, 120.11978271014493 26.41944443478261, 120.0558815 26.398691515151516))",15117.299127374718
33,23.261677595558396,116.85412173777218,67,anchorage,"POLYGON ((116.85180619018405 23.242454263803683, 116.84457462068966 23.24327782758621, 116.83542315625 23.247012453125, 116.83279072602741 23.249560273972605, 116.83479027631579 23.26554906578947, 116.8528903627451 23.28949485294118, 116.92512497345133 23.3275202920354, 116.92134001136364 23.283734227272728, 116.87807180392157 23.256316725490198, 116.85718806060606 23.243449015151516, 116.85180619018405 23.242454263803683))",6301.129881190049
35,22.141539236800377,113.77378293178552,26,anchorage,"POLYGON ((113.79021569565217 22.125654704347827, 113.76871769736842 22.12834438157895, 113.75956129824561 22.14902636842105, 113.76484360526315 22.15478905263158, 113.77055005882352 22.156180294117647, 113.77833931250001 22.15718989583333, 113.78461843548388 22.15003885483871, 113.79021569565217 22.125654704347827))",16962.262670436372
36,21.059281223962447,110.73108690557446,163,anchorage,"POLYGON ((110.7292401902174 20.992793652173912, 110.66607655172415 21.005024637931037, 110.67707133628319 21.072880517699115, 110.67921999475065 21.078883732283465, 110.68562154867257 21.082019371681415, 110.69775956410257 21.086018, 110.72180662204724 21.090145677165353, 110.81094772151899 21.084152069620252, 110.83897782513662 21.069504590163934, 110.81744042592592 21.05281337962963, 110.74721381699345 21.001476673202614, 110.7292401902174 20.992793652173912))",17490.444026861373
37,24.988720985168793,119.09168553638561,56,anchorage,"POLYGON ((119.16393245454545 24.927008909090908, 119.08452733766235 24.95310225974026, 119.03676253125 25.015413854166667, 119.06470207017543 25.105010640350876, 119.0679690652174 25.10297282608696, 119.14033027272727 24.983701151515152, 119.16393245454545 24.927008909090908))",8949.400211703476
38,26.45995571011606,119.93932869227707,426,anchorage,"POLYGON ((119.94698452659576 26.39679529787234, 119.94607681081082 26.397128554054053, 119.92981294565217 26.40339658695652, 119.86819494444444 26.46000275925926, 119.84044091304348 26.508125458937197, 119.99865065546219 26.48199631932773, 119.99967443636363 26.47926027272727, 119.99965792 26.468542760000002, 119.99889609433963 26.436621320754718, 119.9937380909091 26.415029136363636, 119.94698452659576 26.39679529787234))",9968.93090794899
41,35.47197782383453,119.88420088879793,150,anchorage,"POLYGON ((119.89924227272726 35.445258350649354, 119.87617465079364 35.45571673015873, 119.85650136231882 35.47096478260869, 119.85408598630136 35.4747654520548, 119.85307659016394 35.477427786885244, 119.85301008163266 35.482067479591834, 119.8789183041237 35.49710197938144, 119.88770835172414 35.50044483448276, 119.93694060493827 35.50434516049383, 119.92233783794465 35.468683909090906, 119.89924227272726 35.445258350649354))",18542.663114496903
49,33.28451345770115,120.87410149212948,47,anchorage,"POLYGON ((120.88355751274787 33.19067355524079, 120.86436249230769 33.22978646153846, 120.85747262666666 33.243919973333334, 120.85724596212121 33.24459406818182, 120.85700488764044 33.24531314606742, 120.85699308870967 33.24538036290323, 120.8629774076923 33.35403316153846, 120.87221437837837 33.35828052972973, 120.89191862068965 33.27964040229885, 120.88355751274787 33.19067355524079))",13928.858379533596
53,25.776530131519742,119.8312489843637,76,anchorage,"POLYGON ((119.81681504166666 25.753207041666666, 119.8063482685185 25.788640592592596, 119.80887431250001 25.78874725, 119.85648091791046 25.78322822761194, 119.86373357831326 25.779475728915664, 119.86807293 25.77685963, 119.82994448520711 25.758769621301774, 119.81681504166666 25.753207041666666))",15513.06390906762
54,25.959459971973146,119.80502874595906,50,anchorage,"POLYGON ((119.76638260714286 25.93153429761905, 119.76649213333334 25.95420035238095, 119.77275734146342 25.961725914634144, 119.7900799605263 25.971245894736843, 119.79841195698926 25.97446312903226, 119.82960058163266 25.978092469387757, 119.84041032515339 25.978912656441718, 119.84713537288135 25.978216610169493, 119.84853410526316 25.957235122807017, 119.83814565909091 25.94615405681818, 119.76638260714286 25.93153429761905))",11850.490611728546
58,33.88413333398337,120.57143005914924,25,anchorage,"POLYGON ((120.59743800000001 33.84072757777778, 120.55351554347827 33.86496780434783, 120.5431990338983 33.93683300847458, 120.5610152716763 33.94256467630058, 120.627485 33.853854687500004, 120.59743800000001 33.84072757777778))",16287.00107443814
59,33.820989292558416,120.48092280459653,10,anchorage,"POLYGON ((120.44970501749272 33.814326976676384, 120.48582509790211 33.82303086713287, 120.48607264634147 33.82305056097561, 120.48154249425286 33.819305793103446, 120.44970501749272 33.814326976676384))",3904.831460640917
60,35.96974277301985,120.39313530866922,68,anchorage,"POLYGON ((120.410168734375 35.95059903125, 120.39468624615385 35.95161761538461, 120.37387782666667 35.959257066666666, 120.36631627559055 35.96411237795276, 120.36234048529411 35.972263205882356, 120.35772187254902 35.99564969607843, 120.41814576666667 35.983650716666666, 120.43756376785714 35.97683817857143, 120.44211177941176 35.97489867647059, 120.44039986740331 35.96268151933702, 120.43524749315068 35.95620189041096, 120.410168734375 35.95059903125))",10063.902996728266
62,36.04368991876637,120.2381998361353,52,anchorage,"POLYGON ((120.24673823809523 35.978935071428566, 120.19017346031745 35.997504063492066, 120.18949426206896 35.998141813793104, 120.18967244444444 36.000122472222216, 120.2124555 36.066804160714284, 120.21302008510638 36.06759880851064, 120.25081865106384 36.108840674468084, 120.32441352439025 36.10024137804878, 120.32731817777777 36.096452633333335, 120.24673823809523 35.978935071428566))",6095.33235022886
64,38.88920244463513,122.00283519714074,43,anchorage,"POLYGON ((122.03143960180996 38.81544321266968, 121.96450650847457 38.839474762711866, 121.96206614705882 38.91488807352941, 121.98677832394367 38.935147690140845, 122.00369686936938 38.94206351801802, 122.02247684693877 38.94062632653061, 122.05246969444445 38.934799194444444, 122.06304486153846 38.9185396923077, 122.04666501851852 38.85165517592592, 122.03143960180996 38.81544321266968))",16564.62589855577
65,30.390523561673803,122.44848188888459,284,anchorage,"POLYGON ((122.56698243333334 30.319453866666667, 122.37150063580246 30.33565750617284, 122.31080706493506 30.39072466233766, 122.48811338372093 30.46118177906977, 122.49129353333333 30.46070255, 122.4918218548387 30.460404177419356, 122.56694193636363 30.415183181818183, 122.56707025806452 30.40453358064516, 122.56698243333334 30.319453866666667))",4232.4544652734685
72,39.997680538108014,120.04379566165146,31,anchorage,"POLYGON ((120.01740142830882 39.94452101286765, 120.00683237681159 39.979236971014494, 120.02497105208333 40.05369867708333, 120.02499592424243 40.053740636363635, 120.07504532530122 40.01982257831325, 120.07787877647058 40.010372399999994, 120.07649794915254 40.00653547457627, 120.0711316701031 39.995336649484535, 120.03826367248062 39.947442808139535, 120.01740142830882 39.94452101286765))",11436.648624193738
73,29.072160590415724,121.67644175464315,124,anchorage,"POLYGON ((121.71288997777778 29.018468972222223, 121.62333743939394 29.038094015151515, 121.607739768 29.113586432, 121.60776626865672 29.113645686567164, 121.61933432692308 29.13180608653846, 121.6656441968504 29.11103009448819, 121.7735712682927 29.04553912195122, 121.77163140298507 29.032375761194032, 121.71288997777778 29.018468972222223))",4388.09460712322
79,37.36964170533099,118.99513440289313,16,anchorage,"POLYGON ((118.9911435909091 37.368195015151514, 118.99214295833333 37.36886838888889, 118.99515598843931 37.36976641040462, 118.99962087272728 37.37105989090909, 119.0004451898734 37.37115364556962, 118.9911435909091 37.368195015151514))",5493.176796211364
80,28.681022343815926,121.77915370313723,77,anchorage,"POLYGON ((121.88861265517241 28.631240120689654, 121.75770355670103 28.64480893814433, 121.74453443103448 28.647741120689656, 121.73188040217391 28.679646597826085, 121.74405826666666 28.6897199, 121.79210985714286 28.725263, 121.79922417307692 28.72709530769231, 121.8012919090909 28.72712490909091, 121.86286661006288 28.676544641509434, 121.88861265517241 28.631240120689654))",18889.1546328641
81,30.177859905650056,122.33672151133437,53,anchorage,"POLYGON ((122.2085343877551 30.112253, 122.20619958490566 30.112450311320757, 122.2056455846154 30.112499969230768, 122.20281936734693 30.11278993877551, 122.2393845054945 30.159997439560442, 122.35849242056075 30.193654327102802, 122.3888967118644 30.192157254237287, 122.39272804000001 30.19089104, 122.37701535616438 30.18060545205479, 122.3692574011628 30.176196412790695, 122.2085343877551 30.112253))",7931.398228513273
82,39.09122690785184,118.52542909187083,76,anchorage,"POLYGON ((118.51974800757576 39.045501643939396, 118.49058458974359 39.08259518803418, 118.49898006557378 39.09689296174864, 118.50255800000001 39.102419418604654, 118.50266341935485 39.10249975806452, 118.5338298 39.115117399999995, 118.53495632876712 39.11499218493151, 118.54879209090909 39.11078258181818, 118.56995847457627 39.10254550847458, 118.56990946938775 39.10234024489796, 118.51998794285714 39.04564320952381, 118.519829875 39.04550353125, 118.51974800757576 39.045501643939396))",3746.679696465846
83,21.366488525115578,111.16869349502397,17,anchorage,"POLYGON ((111.21188687774294 21.32838940752351, 111.17872585526315 21.33488275, 111.13120294000001 21.37189452, 111.1327226923077 21.394092, 111.1372336367713 21.3950545426009, 111.2396538932039 21.34816035275081, 111.23679447435897 21.34209267948718, 111.21188687774294 21.32838940752351))",12198.929591083634
91,40.7024022289697,121.11209722760528,48,anchorage,"POLYGON ((121.12646534 40.68236549, 121.10824760714286 40.68931223214286, 121.09953558850576 40.694788455172414, 121.08955173170733 40.70118007317073, 121.0853939 40.708164242857144, 121.0874837007874 40.711217291338585, 121.11369378571429 40.72162220535714, 121.13938756666667 40.71877886666667, 121.13220220408164 40.688616571428575, 121.12646534 40.68236549))",10469.502070198923
95,38.32538310444974,117.87290907484449,100,anchorage,"POLYGON ((117.87896963461539 38.31676700961538, 117.87648236842105 38.31728978947368, 117.83258391999999 38.32731564, 117.86786789655173 38.348878896551724, 117.8901733483146 38.32021408988764, 117.87977055038759 38.31696748837209, 117.87896963461539 38.31676700961538))",8423.86440999625
97,22.72284927050422,115.63427843812302,189,anchorage,"POLYGON ((115.66225325112109 22.64281253811659, 115.52759644347827 22.656687208695654, 115.52325710569106 22.658610040650405, 115.51465856 22.68358126, 115.58236499603176 22.77638292063492, 115.61838290517241 22.79895601724138, 115.73258540909092 22.767650534090908, 115.72245082278481 22.716105329113926, 115.710777825 22.691453225, 115.66225325112109 22.64281253811659))",5214.541918917092
98,22.07371631553825,113.89587802063274,61,anchorage,"POLYGON ((113.97102344444446 21.97139176388889, 113.89300408641975 21.987163765432097, 113.87001919266055 22.06634411009174, 113.87205244067796 22.101848305084747, 113.87913686153846 22.102927415384617, 113.91295956666666 22.09973953333333, 113.97102344444446 21.97139176388889))",16388.657233668007
99,21.713856175713094,108.6132923182151,37,anchorage,"POLYGON ((108.67586702752294 21.59999095412844, 108.58829656603774 21.705280641509432, 108.57884356451613 21.732963854838708, 108.63352709574467 21.734329936170212, 108.64479057142857 21.725625523809523, 108.67586702752294 21.59999095412844))",3498.1724546881755
111,34.3105269896729,120.32204876358666,19,anchorage,"POLYGON ((120.30631746753248 34.280637649350645, 120.26774984313725 34.312004460784316, 120.33510558730158 34.34572861904762, 120.45296716129033 34.31445804032258, 120.41024698412699 34.28934640476191, 120.38005557894736 34.2819935131579, 120.30631746753248 34.280637649350645))",6933.034417926041
113,39.826055375041086,124.15717311234744,39,anchorage,"POLYGON ((124.14424556578948 39.79957185526316, 124.151866125 39.818211087499996, 124.15194619117646 39.818401823529406, 124.16253414545454 39.841052000000005, 124.16266148 39.841233519999996, 124.1627473125 39.840976078125, 124.15900657142856 39.827237232142856, 124.15879857291667 39.82656575, 124.15216712676056 39.809113577464785, 124.14424556578948 39.79957185526316))",3242.8953733765566
120,21.83421838322023,113.28760991963807,33,anchorage,"POLYGON ((113.3157281632653 21.80330375963719, 113.26770935526316 21.823156973684213, 113.25554452830188 21.831888113207548, 113.26553333913044 21.85236528695652, 113.28695092993631 21.8517104522293, 113.30280543661972 21.84721158450704, 113.33626393333334 21.835958683333335, 113.3157281632653 21.80330375963719))",6422.79996724696
123,30.774738363288165,122.62245546207139,23,anchorage,"POLYGON ((122.62175463636363 30.750813875000002, 122.60535450769231 30.754136907692306, 122.60701860759494 30.780173354430378, 122.62743124324324 30.806942405405405, 122.62746607547169 30.80698079245283, 122.63385877586207 30.785867913793105, 122.62929939252336 30.753374028037385, 122.62175463636363 30.750813875000002))",12505.382502982924
132,22.96826635380215,116.57527224155083,23,anchorage,"POLYGON ((116.55681123893805 22.914572380530977, 116.52617620512821 22.951526096153845, 116.52177670129869 22.99110307792208, 116.54444068965518 22.99900403448276, 116.63065575581395 22.993624918604652, 116.63531006896552 22.97403084482759, 116.62493365555555 22.963528899999996, 116.55681123893805 22.914572380530977))",5493.6300512406115
133,40.07521439092715,120.12038544696011,14,anchorage,"POLYGON ((120.117483609375 40.0742025, 120.11751336082473 40.07449337113402, 120.11861107954546 40.07482717045455, 120.12364640833333 40.07625925833334, 120.1242652116402 40.07642871957672, 120.1241253168317 40.076285366336634, 120.12022442307692 40.07489757692308, 120.117483609375 40.0742025))",3490.8438514816153
134,38.30264372813487,118.1230765820877,18,anchorage,"POLYGON ((118.11698882692306 38.29815971153846, 118.12586971126761 38.30634495774648, 118.12555237280701 38.30555646929824, 118.12284992857143 38.30090492857143, 118.11698882692306 38.29815971153846))",19616.64059488938
137,29.7582078012925,122.16220043173465,27,anchorage,"POLYGON ((122.19377305357143 29.714652303571427, 122.06241062962962 29.755571481481482, 122.06263737254902 29.756345019607842, 122.07315510062892 29.781649433962265, 122.12627752678573 29.836880187499997, 122.22222668393782 29.76024741968912, 122.2006547735849 29.72257279245283, 122.19377305357143 29.714652303571427))",3818.962782321997
142,37.655890311364566,121.50732084355668,10,anchorage,"POLYGON ((121.5090966969697 37.649303515151516, 121.48929414814815 37.65028866666667, 121.48134201492537 37.65496707462687, 121.51548124390244 37.6661326097561, 121.52229830902778 37.662508163194445, 121.52672118965516 37.658318775862064, 121.52781850920245 37.6514713006135, 121.5090966969697 37.649303515151516))",11971.897113975861
144,19.493812664185445,110.8788452327729,9,anchorage,"POLYGON ((110.88107262361625 19.484683959409594, 110.87089654430379 19.492807424050632, 110.89488998148147 19.51430735185185, 110.88107262361625 19.484683959409594))",5281.238468004591
149,28.39051137781503,121.66735482760747,36,anchorage,"POLYGON ((121.62700943055555 28.36188890277778, 121.66728680392157 28.413742960784315, 121.68419704310345 28.42821846551724, 121.69350314285715 28.419778031746034, 121.66572290243901 28.37461637804878, 121.62700943055555 28.36188890277778))",4149.748983116044
150,37.246393742144285,119.17455188417074,51,anchorage,"POLYGON ((119.16160998181819 37.23369981818182, 119.16102541509433 37.23405547169811, 119.15955757142856 37.235255258928575, 119.15933913333335 37.23544873333333, 119.15897259999998 37.2357812, 119.15815895081967 37.23653426229508, 119.15809930645162 37.23668233870968, 119.17240383000001 37.24798323, 119.17678909302325 37.25113434883721, 119.18088102439025 37.25403851219512, 119.18242483333333 37.25512988888889, 119.18971934545455 37.249279345454546, 119.19098288275862 37.24709284137931, 119.19125377011494 37.246408172413794, 119.18790326 37.23977432, 119.1865123881579 37.23852534210526, 119.16160998181819 37.23369981818182))",9145.040772107614
153,22.502832756829186,114.78454252634288,20,anchorage,"POLYGON ((114.80960430645162 22.41860068548387, 114.79289014942529 22.45108374137931, 114.76766858139534 22.500770093023256, 114.76325429896907 22.512860587628865, 114.76514956470588 22.528923847058824, 114.83804623863635 22.569450363636363, 114.82467755555555 22.426695182222222, 114.80960430645162 22.41860068548387))",11005.087495240876
159,37.92314210068554,120.91503927011561,16,anchorage,"POLYGON ((120.89075172619047 37.890108023809525, 120.88781292436975 37.93000136134454, 120.89001374056605 37.944863754716984, 120.93108285 37.93565463, 120.96632033333334 37.92022462068965, 120.90616459558824 37.895183, 120.89075172619047 37.890108023809525))",13658.512786277268
169,25.267104824248655,119.67479064287262,44,anchorage,"POLYGON ((119.68832438947368 25.21721982105263, 119.66964818333332 25.227689883333333, 119.63622981308411 25.298566112149533, 119.6367237254902 25.345551274509805, 119.64747625000001 25.35022263095238, 119.66089453125 25.331028921875, 119.69912936633663 25.235046514851483, 119.69939169014086 25.231081591549298, 119.68832438947368 25.21721982105263))",11418.299442826656
170,37.52762976882285,122.30295651345914,19,anchorage,"POLYGON ((122.29251543386243 37.5161101005291, 122.2821527763158 37.51899767105263, 122.277509721519 37.52220341772152, 122.28516768493152 37.528871712328765, 122.30030627485381 37.538171614035086, 122.31280831632654 37.54251278571429, 122.34175770434783 37.5388366, 122.33258649999999 37.52946189393939, 122.29251543386243 37.5161101005291))",11485.627351271178
173,29.849096818502513,122.55359916067759,102,anchorage,"POLYGON ((122.52448497560975 29.762828487804875, 122.52329539772727 29.763632079545456, 122.46932846808511 29.818221319148936, 122.50040894520548 29.852996164383562, 122.54676545945946 29.89133356756757, 122.59470281701032 29.910197585051545, 122.60448878308823 29.902308786764706, 122.60714037500001 29.848016914473682, 122.60721915808823 29.838464220588236, 122.60000989781022 29.820329518248172, 122.59244715789474 29.810196078947367, 122.52448497560975 29.762828487804875))",17463.26615385041
176,30.200745208241294,122.4715252187317,7,anchorage,"POLYGON ((122.46975008661418 30.188269842519684, 122.45996824999999 30.205060729166664, 122.47147952499999 30.207507500000002, 122.47893350000001 30.200379672413792, 122.47825447706421 30.198916724770644, 122.46975008661418 30.188269842519684))",8953.39878443123
182,38.87300149991937,117.71719561812506,14,anchorage,"POLYGON ((117.7463487076923 38.85607115384615, 117.74562504999999 38.856149, 117.74180535 38.85719623333333, 117.68839255882352 38.889882039215685, 117.69084945454546 38.88929687272728, 117.69111577830188 38.88919236320755, 117.7463487076923 38.85607115384615))",8501.14365310234
186,36.70327467425857,121.46965573459602,14,anchorage,"POLYGON ((121.47105118518517 36.69751787654321, 121.46988911111112 36.69862635185185, 121.46886692982456 36.70007771929825, 121.46784670588237 36.70862526470588, 121.46822060784314 36.71056488235294, 121.46841986666666 36.710847666666666, 121.46857841176472 36.71084877941176, 121.47141775609757 36.69995236585366, 121.47105118518517 36.69751787654321))",7501.311409054094
189,20.837440904906288,110.74925869727775,11,anchorage,"POLYGON ((110.76860443103448 20.785901396551722, 110.73660081730769 20.78792043269231, 110.70396774364406 20.86789880084746, 110.71909166216217 20.885212540540543, 110.79848933944953 20.828483201834864, 110.77489543835615 20.792401616438354, 110.76860443103448 20.785901396551722))",16691.610450940712
205,30.112005721063674,122.50185179046782,14,anchorage,"POLYGON ((122.52695235789473 30.081154336842108, 122.49140731343284 30.085380084577114, 122.4856054028777 30.09409905035971, 122.4843063307393 30.119496957198443, 122.48561583404255 30.127456336170212, 122.51236986885246 30.141600901639343, 122.5399900595238 30.14836494047619, 122.52695235789473 30.081154336842108))",19916.00856826334
206,35.03851678865642,119.28340913756738,5,anchorage,"POLYGON ((119.285728075 35.033343775, 119.28298954385964 35.039396789473685, 119.28110525745258 35.043580623306234, 119.28280511764707 35.03996349019608, 119.285728075 35.033343775))",5009.35890043008
208,36.547634603128486,121.26218668921506,8,anchorage,"POLYGON ((121.2769042153846 36.526223046153845, 121.25380741666667 36.545620157407406, 121.24966135384615 36.55079889230769, 121.25417924999999 36.55412928571428, 121.27028068539325 36.559227280898874, 121.2769042153846 36.526223046153845))",19647.833455672306
213,37.87468324204678,121.01807497475713,5,anchorage,"POLYGON ((121.00748261818181 37.859521945454546, 121.0073034819277 37.87475246987952, 121.01970937414966 37.880733442176876, 121.04792551381216 37.884234795580106, 121.00748261818181 37.859521945454546))",12846.139525668232
218,36.664088165681264,121.23642999876652,6,anchorage,"POLYGON ((121.24256539999999 36.621173399999996, 121.23506170588236 36.6722468627451, 121.235309125 36.67474127083333, 121.24256539999999 36.621173399999996))",3445.4281005322973
221,27.12445966119869,120.47466237581554,5,anchorage,"POLYGON ((120.51790307142858 27.116663928571427, 120.45048791666666 27.123015569444444, 120.47231698888889 27.13286578888889, 120.51790307142858 27.116663928571427))",6530.732567817452
230,37.84279818283052,121.12230009281686,10,anchorage,"POLYGON ((121.11547444615385 37.82868767692308, 121.10478767500001 37.836008875, 121.10706381944445 37.84194831944445, 121.12209221052632 37.85279762406015, 121.131386 37.855590375000006, 121.14553530769231 37.84294895726496, 121.14404488495576 37.8365863539823, 121.11547444615385 37.82868767692308))",18899.601063275615
246,22.810822258754936,116.05098108220811,9,anchorage,"POLYGON ((116.05804035897435 22.775072025641027, 115.99509535185186 22.803383685185185, 116.06097427303754 22.821498498293515, 116.06193437974683 22.81639193670886, 116.05804035897435 22.775072025641027))",4959.37974745969
253,35.76988832725152,120.14057342253139,5,anchorage,"POLYGON ((120.12832279166666 35.735838791666666, 120.1228735 35.767202999999995, 120.14128959649122 35.779814114035084, 120.15480675342465 35.78563590410959, 120.15557447107439 35.780949826446275, 120.12832279166666 35.735838791666666))",12965.407186987411
256,28.886927763748695,121.66254897887994,7,anchorage,"POLYGON ((121.68640783333335 28.874065, 121.65549329268292 28.889372048780487, 121.64783313454544 28.894790603636363, 121.64784411666666 28.895060316666665, 121.67647001960785 28.880435032679735, 121.68640783333335 28.874065))",3945.1769612244348
261,22.46640775451475,114.70877278814648,8,anchorage,"POLYGON ((114.71840167307693 22.45242691346154, 114.69725242328043 22.45872143915344, 114.69918693137255 22.47350882352941, 114.70971371296297 22.478080037037035, 114.71357727826087 22.478377939130432, 114.71840167307693 22.45242691346154))",11657.402287888806
262,22.56352722845033,114.67990755364801,5,anchorage,"POLYGON ((114.6910004264706 22.539056397058825, 114.6760336 22.56600555, 114.67470900653596 22.579446699346406, 114.6910004264706 22.539056397058825))",8686.607658982739
