reference_index,overlapping_prediction_count,reference_area_m2,overlap_area_m2,reference_area_recall
0,0,1935881405.3406794,0.0,0.0
1,1,1271090548.9224901,986548699.9361836,0.7761435255517287
2,1,1585293952.1009362,1517183508.031386,0.9570360790317242
3,1,1279803140.0520093,1074414775.4983408,0.8395156582087134
4,2,2542996482.0319,1182970764.7091486,0.4651877315079625
5,0,202549403.90524638,0.0,0.0
6,1,161556806.15889606,107731864.67237993,0.6668358160436915
7,0,301552083.2322854,0.0,0.0
8,0,97552671.99717508,0.0,0.0
9,0,66667785.03758618,0.0,0.0
10,0,245874004.7869356,0.0,0.0
11,1,1268813897.196273,100187532.40904647,0.07896156609762325
12,1,368127053.35829353,366443644.89024836,0.9954270992781215
13,1,1052513543.8776848,444079483.59289277,0.4219228210183491
14,1,307148192.4344733,290797331.0094672,0.9467655619412627
15,1,546986594.4981935,465545920.18224955,0.8511102920343819
16,1,75789529.39601015,75789529.39601012,0.9999999999999996
17,1,299885389.43400425,40486168.017656244,0.13500547023670864
18,1,83081774.13021065,81328040.27055271,0.9788914731537944
19,2,34363443.086407885,34324113.59220437,0.9988554844721287
20,0,330910867.4317929,0.0,0.0
21,1,71947648.65931486,70043560.60113968,0.9735350898374542
22,1,47410014.80936243,9695977.095070742,0.20451326864289446
23,1,1161361913.7543166,606817045.1209583,0.522504688619683
24,0,321321955.8759743,0.0,0.0
25,1,392859778.2231247,329070255.0588657,0.8376277575353369
26,1,130977545.32412475,130881260.98565353,0.9992648790429463
27,2,859838494.9647232,455222927.44629705,0.5294284102329864
28,1,113865306.08457084,86168669.16208662,0.7567596498452902
29,1,64806277.602854595,53255397.36966394,0.8217629424115873
30,1,72695160.73780307,40973572.909891196,0.5636354950458764
31,1,644680829.545892,513387426.38129824,0.7963435592507446
32,1,36915136.61385882,16471030.334342232,0.4461863572830072
33,0,33392294.70710215,0.0,0.0
34,1,2535040010.050139,213066890.10061747,0.08404872872061823
35,1,279712752.88805664,247294204.65002263,0.8841005713779229
36,0,113898469.11272201,0.0,0.0
37,1,448553370.1530733,117824717.93090908,0.26267714339254705
38,0,841123156.2852904,0.0,0.0
39,1,1528849147.2431397,1494079626.2973113,0.9772577163623202
40,0,274247623.585739,0.0,0.0
41,1,34148119.07766042,20955258.32976697,0.613657762001768
42,2,1237748640.725205,619240597.7556466,0.5002959222745174
43,1,21562587.510994196,21562587.510994192,0.9999999999999998
44,1,39010658.81806781,39010658.81806781,1.0
45,1,1479676775.409822,460454724.0925697,0.31118601828770265
46,0,808988970.7526113,0.0,0.0
47,0,347587562.5040219,0.0,0.0
48,0,942638919.6873122,0.0,0.0
49,0,765828913.6869366,0.0,0.0
50,0,157812148.64048582,0.0,0.0
51,0,462900143.22380656,0.0,0.0
52,1,336384798.13131315,286154226.344882,0.8506752621834509
53,0,172965911.4387699,0.0,0.0
54,1,57138668.781497285,57012288.04047305,0.9977881749134282
55,1,99407673.85245474,99407673.85245475,1.0000000000000002
56,2,653300695.7830272,68048353.3438983,0.10416084627360993
57,1,164538362.13311607,51340495.958583795,0.31202751317682326
58,0,6600623.815363794,0.0,0.0
59,1,195618182.71892148,96425397.96733414,0.49292656044088295
60,2,167150850.52070946,163386888.09795198,0.9774816436109541
61,0,7242111.884674675,0.0,0.0
62,0,4940550.338760961,0.0,0.0
63,0,9317039.059381621,0.0,0.0
64,1,711248553.5790546,711050366.3231614,0.9997213530278607
65,1,35881248.069961175,20362313.967186328,0.5674917975953326
66,0,91582646.49424215,0.0,0.0
67,2,265570256.92745852,82886544.99965206,0.3121077863109227
68,0,359437660.927798,0.0,0.0
69,2,194543825.30790547,153367539.32155958,0.7883444210003788
70,0,903838428.7799695,0.0,0.0
71,1,4872955562.174921,250509266.4661107,0.051408075298413396
72,1,915804823.433296,801227673.6586176,0.8748891173720448
73,0,776807801.6936082,0.0,0.0
74,0,1143964575.0740066,0.0,0.0
75,0,444002886.8709187,0.0,0.0
76,1,289752441.14395064,89072491.99092047,0.3074089441292015
77,1,338198689.30677253,314819819.0652878,0.9308723807019895
78,0,326640766.0236062,0.0,0.0
79,1,250103925.49107146,247792613.96233314,0.9907585955550272
80,0,91746638.15277979,0.0,0.0
81,0,1076322052.9030607,0.0,0.0
82,0,5549711.190939287,0.0,0.0
83,1,311640974.61890507,311640974.618905,0.9999999999999998
84,0,192149379.75193635,0.0,0.0
85,0,332948274.6117775,0.0,0.0
86,1,61281511.98605186,55535165.86887672,0.9062303469522252
87,1,224375504.0357952,130879199.25627992,0.5833043130920407
88,1,100225992.24201556,100225992.24201556,1.0
89,1,63195409.85537338,44953905.03001196,0.7113476300397729
90,1,857509709.4363207,380835011.9139954,0.44411743415049515
91,0,6652418.1860894095,0.0,0.0
92,1,697236424.800245,223849701.01783466,0.3210527922174556
93,0,54514882.80789088,0.0,0.0
94,1,111510912.2773193,6658155.812074993,0.059708558347336065
95,1,17296065.86724496,17296065.86724496,1.0
96,1,50896786.579157986,50896786.57915797,0.9999999999999997
97,0,45899810.29316187,0.0,0.0
98,1,6830349184.665056,638646948.6481606,0.09350136155293476
99,1,203549093.02070025,203442516.31558147,0.999476407860447
100,0,261206276.77287528,0.0,0.0
101,1,121342758.7802011,121342758.7802011,1.0
102,1,53475700.83975695,53475700.839756936,0.9999999999999997
103,1,31917018.17275214,31917018.17275214,1.0
104,1,6643640.8100786265,6643640.8100786265,1.0
105,0,452935243.82444435,0.0,0.0
106,0,425130477.2813347,0.0,0.0
107,0,421768298.0438856,0.0,0.0
108,0,2458042724.524292,0.0,0.0
109,0,253854944.04254818,0.0,0.0
110,1,29495152.479255483,29495152.479255486,1.0000000000000002
111,1,29424687.009633478,29424687.00963348,1.0000000000000002
112,1,29249212.546180695,18653814.30929806,0.6377544106476754
113,0,124163127.24366893,0.0,0.0
114,1,529486322.66581106,116606.79656841687,0.00022022626756690382
115,0,4429171.557531793,0.0,0.0
116,0,12930360.121663272,0.0,0.0
117,0,55093220.01154449,0.0,0.0
118,0,3421340.865815291,0.0,0.0
119,0,19577929.68199952,0.0,0.0
120,0,15435506.73202292,0.0,0.0
121,1,77149106.47726175,77149106.47726175,1.0
122,1,555685489.7745341,434864.0052571583,0.0007825721802338255
123,1,152793765.4051031,82699829.95426244,0.5412513379390831
124,0,421664201.5082249,0.0,0.0
125,0,285582983.1991417,0.0,0.0
126,1,16587058.158381194,16587058.158381198,1.0000000000000002
127,1,23146477.227123745,20790366.281488366,0.8982086594639803
128,0,164195225.470752,0.0,0.0
129,0,22092656.694853596,0.0,0.0
130,1,9360766.293415522,3662198.790714846,0.39122852509317335
131,0,1954404554.797775,0.0,0.0
132,1,17962215.516143948,17962215.516143948,1.0
133,1,89458513.36315617,79062240.11945868,0.883786653132789
134,1,55028713.648979865,221123.36999668283,0.004018327075700816
135,0,69995314.06847155,0.0,0.0
