terminal_id,reference_pid,reference_name,center_distance_m,predicted_area_m2,reference_area_m2,area_ratio_predicted_to_reference,intersection_area_m2,iou,predicted_area_precision,reference_area_recall
0,"1,840",青岛前港散货码头,327.53236172480695,5305368.117746824,4460970.320687552,1.1892856792037856,2111793.2518622745,0.27588748911782024,0.3980483926832861,0.4733932530483171
2,"2,015",陈家港码头,277.39959847854743,1734123.5446697036,583794.2057354134,2.9704363757519743,583794.2057354134,0.3366508733070734,0.3366508733070734,1.0
5,"1,748",连云港燕尾,168.13668804931623,2530546.087413132,854612.4829552807,2.9610450793585565,854438.5977146759,0.3376266860606879,0.33764988591380746,0.9997965332310575
6,"1,823",响水小蟒牛作业区（一期）,145.16355331506668,1874774.069912236,517478.9856893501,3.6228989422919082,517478.9856893501,0.27602205193374313,0.27602205193374313,1.0
8,"1,928",国投煤码头,661.9542525121469,3827437.8934945576,2272103.735630203,1.6845348359206664,1999465.169523856,0.48766533727482747,0.5224030343960169,0.8800061098307527
9,"1,927",秦港码头,486.4874719735761,3029021.8780403594,976087.8767830608,3.103226615233918,903591.6432952395,0.29133850288883906,0.29831136243882883,0.9257277595468653
10,"1,925",弘毅码头,791.4377581143531,3507949.131214917,1454475.98342194,2.411830220091898,1288742.5837725606,0.35080401557435664,0.36737778558557005,0.8860528454657196
11,"1,926",华电煤码头,1135.4772569467323,2641104.4502441823,969043.7444272398,2.7254749493328867,885224.3493732406,0.3248620510627051,0.33517203353748376,0.9135029811233741
14,"1,985",京唐港码头,389.84594898496306,2136368.5767780365,154085215.56765884,0.013864851140374054,2136368.5767780365,0.013864851140374054,1.0,0.013864851140374054
15,"1,949",秦皇岛9公司,615.5487887332569,5406603.427262507,1039850.1445511259,5.199406333300445,1039850.144551126,0.19232964994394403,0.19232964994394403,1.0000000000000002
16,"1,924",华能煤码头,321.3346737060701,2322533.5535419416,1503259.9418955664,1.5449979666279774,1142288.590236136,0.42567039397694634,0.49182867067479286,0.7598742961218962
17,"1,894",天津南疆石油化工码头,36.277846188814564,6422305.552038756,857431.0976430661,7.490171011632998,857431.0976430661,0.13350830020394705,0.13350830020394705,1.0
18,"1,896",华能煤码头,870.8901221800336,4258473.160629308,1142302.882294706,3.7279719999258933,1060635.0224856518,0.24437800926075112,0.2490646253900338,0.9285059496260778
19,"1,094",天津港集装箱码头,742.1113911930682,2098694.3234049627,4021138.398645458,0.5219154665534316,1201346.8418481543,0.24425135521559135,0.5724258308847311,0.29875789459344015
20,"1,914",鲅鱼圈钢产品码头,772.616924254794,6672094.0498876935,3900713.1400869144,1.710480573749401,3900713.1400869144,0.5846310185259712,0.5846310185259712,1.0
21,"1,877",首钢京唐码头,283.2297634960797,4514425.67436971,1060592.47187569,4.256513028407425,1060592.47187569,0.23493408649900224,0.23493408649900224,1.0
22,"1,555",中化兴中石油中转码头,1975.8339631482183,1340055.8877111014,12210799.742174063,0.10974349887032969,237666.15539226387,0.017851932164536143,0.17735540552581908,0.01946360274596959
23,"1,364",氯碱码头,60.08721858098127,1124639.603041827,193049.71605244197,5.825647538048274,193049.716052442,0.1716547376868981,0.1716547376868981,1.0000000000000002
24,"1,818",吴泾电厂,513.5676063633481,4202963.223068634,888873.5698920729,4.728415114850313,888873.5698920729,0.21148735373494315,0.21148735373494315,1.0
25,"1,092",上海通用码头,300.4261344286214,2811603.698523871,1434979.104750841,1.959334243415382,1215262.6610119182,0.4009021165625745,0.4322311361483651,0.8468852661258279
26,"1,530",宁德升港码头,156.39153471138405,1267446.1390644552,952163.5554588492,1.3311222970025047,921410.86189636,0.7097609693823691,0.7269822625965664,0.9677022992676195
28,"1,248",松门码头,65.3471576673449,1362116.5648196605,252731.37664468717,5.389582341945014,252731.3766446872,0.18554313424574492,0.18554313424574492,1.0000000000000002
29,"2,123",罗泾杂货码头,902.1956312992655,2017902.1720675651,3679925.0132899815,0.5483541552558676,1596182.0839591387,0.38915655657651593,0.7910106377078095,0.433753970038671
30,"1,891",天津北疆一公司杂货码头,118.45069660162095,2254414.2948828503,496752.82037119876,4.538301953068406,496752.82037119876,0.22034673107722302,0.22034673107722302,1.0
31,"1,537",金洋集装箱码头,277.6095748999538,1679572.5275924965,591233.7815320604,2.8407925596542043,529273.886685584,0.3039127379232762,0.31512416283936634,0.8952023771613319
32,"1,701",张家港华达码头,91.98089781148089,1391542.5424081737,1070984.4342801122,1.2993116406435283,783227.5726627487,0.46640138785569313,0.5628484568695341,0.7313155519288326
33,"1,535",温州龙湾码头,324.12724785024113,2422307.3661381053,685554.1997142083,3.5333564686029337,685554.1997142083,0.2830170148089795,0.2830170148089795,1.0
34,"1,588",上海干散码头,140.54357273245634,1078816.3982366745,233581.56144980981,4.618585437740051,233581.56144980981,0.21651650997481958,0.21651650997481953,1.0
35,"1,909",航兴岛杂货码头,668.2941538582842,2383156.507373959,3050483.8163224943,0.7812388627083323,1094514.8174765506,0.2522431803153936,0.45927106091853587,0.35880040130684615
36,"1,067",江苏长宏国际码头,666.4827015391905,5341465.137687298,2205171.7013636003,2.422244551018102,1309502.4830785755,0.2099525853286567,0.24515792003194703,0.5938324359363152
37,"2,088",江阴港（中信中煤江阴码头有限公司）,219.45633242169396,2181906.1395898927,671728.5251277237,3.248196344163025,658172.7315216459,0.29978781302007496,0.3016503412219899,0.9798195355727967
38,"2,125",华能上海石洞口电厂,726.3622571143159,1178397.2421239228,2190828.71438664,0.5378773951544793,699177.5297075232,0.2618594938911567,0.5933292311914594,0.31913838134227207
39,"1,878",首钢码头,460.8475344326708,5468218.30454961,1875690.8520351239,2.915308937299873,1810636.633711302,0.32722708419411756,0.3311200345101136,0.9653171959263767
40,"1,801",新泰港务码头,507.3771729567526,2408352.8167147455,807614.0669090635,2.982059024717215,807614.0669090635,0.3353387681837816,0.3353387681837816,1.0
41,"1,469",干散码头,250.11056307345385,1473033.633234913,547249.6362523156,2.691703266031509,522642.5304009637,0.34897723917408685,0.3548069226723589,0.9550349525677774
42,"1,257",黄埔冷冻厂码头,604.5194538387897,2617315.482140924,178318.84473868302,14.67772789789247,178318.84473868302,0.06813043592009815,0.06813043592009815,1.0
43,"1,207",湛江码头,412.3181875793564,972383.7733184303,1384862.6702194295,0.7021517687124583,730909.3725606445,0.44942059404786483,0.7516675952605503,0.5277847314960356
44,"1,320",揭阳泰都钢厂码头,126.59486594135625,1647980.6682257482,249860.94991518874,6.5955911429342144,249860.9499151887,0.1516164326030562,0.1516164326030562,0.9999999999999999
45,"1,308",罗屿港码头,884.9848011676502,1128974.472862219,6928934.886307828,0.162936222000465,1074191.1402427456,0.15381364290034905,0.9514751361201422,0.15502976400679414
46,"1,261",龙沙码头,82.43571112759594,1490601.2536873291,223105.93915302653,6.681136590742831,223105.9391530265,0.14967513183094744,0.14967513183094744,0.9999999999999999
47,"1,836",董家口华能码头,271.2797278642348,7352981.66986089,1481226.9204832944,4.964115604556904,1481220.5189866798,0.2014447058273573,0.2014448812048654,0.9999956782471842
48,"1,418",芜湖海螺码头,187.65975140894008,2000604.879798227,670097.8874425668,2.985541242986975,654475.5018999703,0.3246040330623828,0.32713881112095367,0.9766864127833332
49,"1,750",海阳港货码头,1437.1918393317037,1136837.3580726483,6708348.136346079,0.16946606451642265,885094.3590767966,0.12716706460673582,0.7785584743426734,0.13193924064276308
50,"1,932",防城码头,1339.58943399735,2379157.767307621,1000354.6484088544,2.378314301924688,544725.7517766949,0.19215758233448021,0.22895738956947567,0.5445326341444263
51,"1,318",揭阳宏东码头,51.5104262084812,2445452.6261359737,212875.1291559946,11.487732906289628,212875.12915599457,0.08704937764112636,0.08704937764112636,0.9999999999999999
52,"1,518",沙市码头,295.57662325009136,3400916.14458706,958490.0118648015,3.548201966101209,958490.0118648016,0.2818328859387922,0.28183288593879213,1.0000000000000002
53,"1,451",防城渔澫第五区,324.79748231552264,2088450.8386318556,923845.454612632,2.2606062823652056,900657.7805502346,0.42652081553536336,0.43125639535774546,0.9749009166558924
54,"1,672",东国钢铁码头,476.5277753740444,4436942.429060993,877531.7369028823,5.056161780222925,840817.2267152091,0.18794852581083724,0.18950374952085067,0.9581616155362634
55,"1,955",鲅鱼圈煤码头,877.9911002395907,5002901.786481923,4909825.011739212,1.0189572488877237,2304252.7627867297,0.30285346996720985,0.46058324970778547,0.46931464100601256
56,"2,029",南京龙潭码头,347.4340528615478,1941225.6292802403,821274.1726928395,2.3636754860015157,744968.3219456689,0.36924743396596094,0.3837618413382916,0.9070884568341231
57,"1,880",南通易得港码头,46.60146967409848,2567112.9810695574,400461.81678389566,6.410381398371542,400461.81678389566,0.15599695834853672,0.15599695834853672,1.0
58,"1,674",长强钢铁东突堤码头,663.8906215271998,2711640.548145222,534929.5689207771,5.0691543442176314,534929.5689207771,0.19727156288715036,0.19727156288715036,1.0
59,"1,360",马鞍山电厂,1380.3331655671986,4068150.801531204,457787.5609670568,8.88654727301329,26733.73886791009,0.005941881088826535,0.006571471946872723,0.05839769610916514
62,"1,591",上海嘉里粮油工业码头,612.8812765958444,1628754.4509457222,375319.20053032663,4.339651285210801,210518.41125137795,0.11737492469147882,0.1292511655941399,0.5609049868856032
63,"1,524",罗源湾码头,387.2459312867996,2987878.091977181,1962572.9850053643,1.5224290331139019,1878842.0322855536,0.611680068962324,0.6288215162895953,0.9573361330459862
64,"2,012",福州港（松下港区）,74.10595392713951,1657265.8206068922,205270.81488502282,8.073557955792046,205270.81488502282,0.12386112857251377,0.12386112857251377,1.0
65,"1,831",岚山码头南区,1296.0846413635395,5712752.9699301515,9271592.43581728,0.6161566105797638,4690375.694574472,0.45564304405166356,0.8210359732449309,0.5058867424386543
66,"1,986",靖江港（博联港口码头）,116.08085651721545,3765298.7373124217,358115.609823225,10.514198862124633,358115.609823225,0.09510948129412945,0.09510948129412945,1.0
67,"1,678",靖江干散码头,67.05223526142035,1866565.236884744,303242.3298356746,6.1553584484601,303242.3298356746,0.1624600757816423,0.1624600757816423,1.0
69,"2,064",泰州洋湾海螺水泥码头,402.1253337894642,1210333.9294980546,586001.261610298,2.0654118152785648,369341.774424267,0.2588251425031161,0.30515692027029195,0.6302747086402799
70,"1,832",岚山码头北区一期,794.2623776078391,2937526.9267968433,14232660.67945052,0.20639337878954145,2934738.0965618296,0.20615703737104257,0.9990506196863854,0.20619743297885826
71,"1,824",东源港码头,706.461023247854,4777506.970268968,4763315.041976143,1.0029794225592388,3547961.5598038603,0.5920313993559725,0.7426386987781024,0.7448513332706055
72,"1,825",新亚欧大陆桥集装箱码头,133.2082865539188,2266532.4825508655,4123999.8823375106,0.5495956710033124,2114437.058602764,0.4944784685913487,0.9328951051356978,0.5127151112827595
74,"1,966",日照一公司南区,1668.3720871583796,3065037.628392462,8403642.432642883,0.36472727783927505,2010354.992794357,0.21254873122776197,0.6558989599904975,0.23922424221494576
76,"1,711",南通卢泾码头,130.32439979591658,1933979.2286005092,351366.60417170933,5.504163473815494,351366.6041717093,0.18168065043075443,0.18168065043075446,0.9999999999999999
77,"1,821",东枣港池,646.1775173521429,3815510.3575263093,9008495.418963287,0.42354579539381115,3815510.3575263093,0.42354579539381115,1.0,0.42354579539381115
78,"1,964",日照一公司东,485.0765084468087,3546734.6779755843,1140953.5178055987,3.1085707021588713,825220.0820274347,0.21365097593658652,0.23267037344289207,0.7232723061449378
79,"1,948",秦皇岛2公司,421.032820322527,2597749.883793843,953155.6112295478,2.7254205432865346,953155.6112295476,0.3669158517437893,0.3669158517437893,0.9999999999999999
80,"1,906",逸盛大化码头,216.43976272225154,1205058.1827161154,524403.5555835805,2.2979595959738885,397048.11835325754,0.2979916389395798,0.3294846041859484,0.7571423079147586
82,"1,732",干散货码头1,298.7303628413644,1087614.437258859,390645.97890505055,2.7841434341839517,272865.81856838043,0.22637053385893863,0.25088469702194355,0.698498981950874
83,"1,686",苏润集装箱码头,387.80667684381416,2328214.3004360395,746862.5610016756,3.1173262953675036,746862.5610016756,0.3207877216722702,0.3207877216722702,1.0
84,"1,683",张家港久盛船厂,43.095738187556165,1824520.560627927,1136206.8730609089,1.6057996161497605,1031266.8938062408,0.5344845735321395,0.5652262386406431,0.9076400770469177
88,"1,816",嘉兴港物流,598.3546247256668,1706371.5569723102,2808873.3726276066,0.6074932297058507,1371211.7503270921,0.4361314503189296,0.8035833372422669,0.4881714368791106
89,"2,078",德胜港码头,7.0579051200623875,1188017.1856763035,142494.39020790142,8.337290920316013,142494.39020790145,0.11994303779939308,0.11994303779939308,1.0000000000000002
90,"1,960",大窑湾粮食散货码头,254.91863977907985,1891996.7295669483,934138.3806157305,2.0253923496001227,777299.9268775327,0.37938626455233243,0.41083576664291904,0.8321036187006695
91,"1,731",干散货码头2,481.3321439146723,964152.8798161638,910712.3843599848,1.0586798822261927,446104.4127553443,0.31223168825750247,0.4626905360075298,0.48984116216762563
92,"1,394",鑫海码头,230.67867735672831,1644813.8242142363,990904.0970934763,1.6599122246429403,868388.9913322693,0.491356745540478,0.5279557956944566,0.8763602793443191
94,"1,515",修理码头,927.1135377371876,3623766.326880523,1001128.7422499689,3.6196806404102975,871185.5619668617,0.23208656938004377,0.2404088683932365,0.8702033267059452
95,"1,024",揭阳干散码头,213.8741050115763,1807196.4276389559,185316.7351701249,9.75193322923539,185242.65275142546,0.10249857545980533,0.1025027771847906,0.9996002389172708
96,"1,517",松下牛头湾码头,675.4184894651573,2222032.2977994555,4055137.4142420553,0.5479548707758835,1772095.2553468526,0.3933553756727534,0.7975110249755646,0.4370000506328278
97,"1,967",大连北良粮食码头,356.35338682873726,1694595.6640345012,2336185.5979146995,0.7253685946643592,1358830.4743237759,0.5085537056359392,0.801861177367034,0.5816449153426339
99,"1,913",鲅鱼圈货码头,231.42675468867733,4293835.837803498,2575444.401989294,1.6672213286712398,2432663.495110562,0.5483149965627243,0.566547857673801,0.944560672026759
101,"1,557",老塘山码头,173.0454819443284,3913017.998816658,181721.81417299988,21.533011964603485,181721.81417299988,0.04644032156968219,0.04644032156968219,1.0
102,"1,520",青州码头,210.61633004302203,4643605.607180377,787850.1363996658,5.894021454893469,724895.7022073013,0.1540181567503969,0.15610621648970358,0.9200933892325576
103,"1,249",马尾老港,211.3374678633667,1488205.352253605,231875.5391738818,6.418121366124826,231875.5391738818,0.15580883298312984,0.15580883298312984,1.0
104,"1,730",共青货码头,44.17574737462358,3225220.062751422,597048.0506596358,5.40194387903638,595245.4264642359,0.18445653601134565,0.18455963155470217,0.9969807719941329
108,"1,593",朱家尖砂石码头,258.94928514673876,1097953.6222403178,161801.222606891,6.785817835925034,161801.222606891,0.14736617224026635,0.14736617224026635,1.0
109,"1,391",上海崇明国际货运码头,165.4835743762558,1122554.855843074,1837561.6149067397,0.6108937228208514,1049133.3878746969,0.5490019232908395,0.9345943161831185,0.5709378011403131
110,"1,062",通用码头,773.739361492943,1832318.0850100215,734689.3723689977,2.494003797961215,566410.4357551292,0.28312070328654815,0.3091223300085647,0.7709522650759805
111,"1,882",天津南港通用码头,171.32768918414016,2358401.599028135,1719592.5638006872,1.371488600657551,1395523.9227261527,0.5202383615904494,0.5917244642732726,0.8115433574809897
112,"1,529",漳湾作业区码头,320.4995095995629,2227367.7687850683,1816167.0471168363,1.2264112887198415,1269023.22682645,0.45738616909123253,0.5697412185858498,0.6987370621226849
113,"1,390",华润大东修理码头,1752.826225650294,911074.6981606692,5519997.982202925,0.16504982449234099,606054.634219204,0.10404339169736217,0.6652085009524932,0.10979254633302225
115,"1,917",葫芦岛大港,1018.1394931562849,2930720.4947955464,2500559.229169054,1.1720260254620871,1230675.6283223934,0.2929758673518225,0.41992255164143455,0.4921601592022085
116,"1,604",舟山港自贸区,255.01896259323817,2503890.2421203204,504346.9808325153,4.964618283204947,504346.9808325153,0.20142535497299954,0.20142535497299954,1.0
117,"1,523",罗源博奥码头,248.03973285595325,1343170.9211424785,1779300.418848564,0.7548870932159296,1184673.9968875295,0.6113508211287948,0.8819979484665033,0.665808867540292
118,"1,688",靖江苏通货码头,194.534683305946,3807620.952539904,335785.9018510877,11.33943066564029,335785.90185108775,0.0881878490628378,0.0881878490628378,1.0000000000000002
119,"1,771",靖江太和码头,97.30752969078824,1427603.5573463708,251774.2039767478,5.670174048006184,251774.2039767478,0.17636142939062555,0.17636142939062555,1.0
120,"1,468",马村港货码头,395.9496951497771,2142211.0930290073,3302095.7336690486,0.6487428790105786,1788934.5053847157,0.4893987118504987,0.835087873088748,0.541757311014415
121,"1,464",八所港区,263.61794437822005,1619458.7968485183,1135561.9576511858,1.4261298434109508,954434.9497910285,0.5300691293328565,0.5893542655412831,0.840495706429966
122,"1,366",大榭永鑫码头,194.58765323598647,1567194.3930191246,825581.5569444655,1.8982914284318797,664285.0486031703,0.38431503925206695,0.4238689543314771,0.8046268027858269
124,"1,474",长升码头,251.88181460490048,2675614.768778154,839854.166553748,3.1858087693453427,708095.4626674461,0.25222702627997634,0.26464776279838104,0.8431171635107085
125,"1,123",阳江港码头,116.67748019258745,4081968.0695063225,454336.7692123485,8.984454585489397,454336.76921234844,0.1113033618774231,0.11130336187742311,0.9999999999999999
126,"1,382",明峰码头,178.4732711528103,1751327.6277758311,2109453.5704970704,0.8302280990062982,1229434.7603599434,0.4672264900759569,0.7020015791798554,0.5828214365819107
127,"1,206",东港区榄根作业区,617.1335596449732,1392574.815072526,1689827.391604543,0.8240929351667293,845175.2193432369,0.37777803688594713,0.6069154850392865,0.5001547634641649
129,"1,871",泉州沙格码头,192.25364184038364,1852725.4779846612,1039846.3045007561,1.7817301171966746,1021344.6555552641,0.5458154388937456,0.5512660497691498,0.9822073234617351
130,"1,516",松下元洪码头,98.30766350746822,1627044.521302266,834627.3626335636,1.9494262878805315,832270.7823722295,0.5107832451896398,0.5115230539027232,0.9971764881348987
131,"1,343",永衡码头,432.17061777829144,1346027.4966836127,1196876.936501971,1.1246164544013637,848186.5802921922,0.5004883726480389,0.6301406043947709,0.7086664922887796
132,"1,546",六横海水淡化厂码头,25.513684274430823,1088878.8208800715,798468.9242841138,1.363708452218515,777682.5414491646,0.7008262842212051,0.7142048559826091,0.9739671987189912
133,"1,929",曹妃甸矿石码头,504.67138231131185,1870735.457261712,1260265.0765746385,1.4843983952537296,595453.3820531166,0.23484216479048237,0.31829908378639016,0.47248264918324995
134,"1,993",南通港（通沙码头）,128.58526146285664,1264810.4516613283,383769.2427056739,3.295757739062366,383769.24270567385,0.3034203601034392,0.3034203601034392,0.9999999999999999
135,"2,121",太仓协鑫电厂,1021.042347929445,1546315.4212105835,3408300.800775647,0.45369100663259515,1017718.4008433656,0.2585076999910367,0.6581570531364238,0.29859993595980655
137,"1,488",南伟码头,312.2148396238733,2105976.282356207,335155.8677189603,6.2835727647834005,335155.8677189603,0.15914512928131433,0.15914512928131433,1.0
138,"1,942",扬子江港靖江新港作业区,434.86106746561325,2563520.726946416,760369.3513388191,3.371415118761298,736924.6915108619,0.28486066929164294,0.2874658604335386,0.9691667479933572
139,"1,460",铁山港码头,1152.3559834151733,2178529.6727220304,14034078.238754742,0.15523140427606263,2178529.672722031,0.15523140427606266,1.0000000000000002,0.15523140427606266
140,"1,341",湛江港(集团) 三公司,188.5144127230881,2482211.150904784,1335009.1818542697,1.8593214074056783,1108580.4065414276,0.40927566481287947,0.4466100340163817,0.8303915970088368
141,"1,778",乐清湾码头,426.995707565489,2407247.4095374877,1446242.7897024155,1.6644836030835544,1228779.0422403477,0.46815781575182136,0.510449834683356,0.8496353800271572
142,"1,693",三峰码头,445.88406638604107,1422997.5754266211,547663.4116577853,2.59830681607739,477043.03299882216,0.319387586158788,0.3352381207366446,0.8710514941189987
143,"1,851",屺坶岛通用码头,611.3372185383826,1501955.6923598947,4426476.082184997,0.33931182829717205,1192863.16260765,0.25189438911321566,0.7942066258515296,0.2694837022634106
145,"2,106",张家港永泰码头,356.5695402821164,2978487.115086316,2808773.9449257115,1.0604225094252266,2341960.1043942682,0.6797548703475581,0.7862918367287947,0.833801562644519
146,"1,933",防城干散货码头,1676.9102008119648,938500.1632399919,976189.1521299509,0.9613917151120505,205440.00908694637,0.12019312123268001,0.2189024756028855,0.21045102646213187
147,"1,466",国投洋浦码头,552.399243250672,3024757.00602196,524978.5945983446,5.761676832435747,524978.5945983446,0.17356058471909305,0.17356058471909305,1.0
148,"1,963",日照一公司煤码头,390.83188004427376,1286833.655314604,1515651.6099376807,0.8490299795000482,848690.4744693488,0.4343805595516286,0.6595184008160415,0.5599508943247482
149,"2,001",可门港码头,766.6634826027699,2718660.0922610895,2628365.469720122,1.0343539068600618,2187621.724606372,0.6924159864362497,0.8046690834332817,0.8323126101787199
150,"1,526",华电可门储运码头,231.12417173355848,1564969.5390176803,3559735.3452503313,0.43963086781318766,1564969.539017681,0.4396308678131879,1.0000000000000004,0.43963086781318783
151,"2,097",如皋港集团通用码头,433.9823329735779,1531295.8833307633,1833257.006884809,0.8352870751782054,898979.4220933429,0.3646127092606987,0.587071010821206,0.49037282755075784
152,"2,115",协鑫码头,69.75307763319641,966530.5487332493,530925.1141332693,1.8204649262280654,529908.2888752806,0.547682008261106,0.5482581896348616,0.998084804747561
154,"2,099",张家港海力码头,840.3537843079748,2519647.445955983,3890329.8661478157,0.6476693577788879,1586250.6012552716,0.3288433811326428,0.6295526002263503,0.4077419282766293
155,"1,471",湛江港(集团) 一公司,971.1240136524672,1510736.3402266975,3161501.326114417,0.477854090317096,1085506.0737892601,0.30264491383838243,0.7185278098403138,0.3433514529387785
158,"1,321",汕头干散码头,97.82098265718436,1579116.93785198,528002.7412020264,2.9907362493176386,528002.7412020264,0.3343658272200226,0.3343658272200226,1.0
160,"1,608",中东(舟山)港,577.1420266611152,1748653.9315093833,859642.6911279992,2.0341636700416172,852268.0355864095,0.48533836058881324,0.487385193965028,0.9914212548798468
161,"1,153",金锚系泊浮筒,50.249696637380886,4403987.785542732,391725.2576772134,11.242542315644283,391725.2576772134,0.08894785288986412,0.08894785288986412,1.0
162,"1,496",旗滨码头,322.04227863027415,1754002.2474108974,8599622.99506378,0.20396269097118586,1754002.2474108974,0.20396269097118586,1.0,0.20396269097118586
163,"1,500",厦门海润集装箱码头,529.0701071926377,1177179.7169704738,2480042.0786688933,0.47466118704014026,1060785.7820413634,0.4085545634422867,0.901124753297096,0.4277289450712531
164,"1,313",石井码头,110.14607347862047,1528994.0371080795,398770.1556365803,3.8342739934167245,398770.15563658037,0.2608055662472101,0.26080556624721,1.0000000000000002
165,"1,203",泰普克沥青码头,95.47097134052377,1934068.626430963,95020.44772064907,20.354236091550924,95020.44772064907,0.04912982219043346,0.04912982219043345,1.0
166,"1,342",钦州干散码头,185.08418688097828,1417419.8209148503,314998.17096505646,4.499771590966121,314998.1709650564,0.2222335022532322,0.2222335022532322,0.9999999999999998
167,"1,185",秦山化工码头,313.6608994172608,1671084.230420554,1098235.837407365,1.5216078127313053,941910.0906868173,0.5154344687120468,0.5636520730315139,0.8576573979869477
168,"1,090",江门修理码头,497.9852747832764,2276516.281509024,1808535.1762712852,1.2587625119919372,1638926.2566776755,0.6700091458682904,0.7199273161320365,0.906217516905976
170,"1,253",宏业货柜码头,72.71319948844483,1373808.1654972222,285154.9413086448,4.817760334758659,285154.9413086448,0.20756532714699558,0.20756532714699558,1.0
171,"1,498",海隆码头,207.8641906079198,1512492.6326589026,691026.9734993706,2.188760628256836,691026.9734993706,0.4568795632971596,0.4568795632971596,1.0
173,"1,379",后石码头,21.753164654138335,1523089.5545141946,760838.9645587394,2.001855353711458,760838.9645587393,0.4995365914655076,0.49953659146550766,0.9999999999999999
174,"1,323",汕头四公司码头,280.36363455991074,1153812.713855122,1192894.0305668528,0.9672382326423751,836807.2982705606,0.554213924909702,0.7252540106570831,0.7014934074847513
175,"1,186",秦皇岛渤海船务码头,419.23804935224797,1415593.992456937,1250476.8845579382,1.1320433107864845,734705.7493201673,0.3804074842115005,0.5190088070697414,0.5875404482825738
176,"1,256",东莞国丰粮食码头,225.7638527671645,3403601.81586431,267290.19057721033,12.733732609170087,267290.19057721033,0.07853156891953729,0.07853156891953729,1.0
178,"2,082",常州新长江码头,458.6195229778055,2009572.4243966276,904466.0956942401,2.2218327850687896,560168.0783614436,0.23797744702970128,0.27874988308999793,0.6193356290834495
179,"2,095",靖江新华港货码头,53.36340470301516,3136591.2715514726,345639.4534916808,9.074748961281317,345639.45349168073,0.11019588577784789,0.11019588577784789,0.9999999999999998
180,"2,067",泰州高港码头,405.1125398010081,2363653.225291708,560970.8113348576,4.213504833998901,556807.512867466,0.2351565280841478,0.2355707287809734,0.9925784044672755
181,"1,307",莆头区码头,540.1346799311957,1321974.1612049346,2054093.4001040994,0.6435803557608132,981016.5817871923,0.40960154509239155,0.7420845358225677,0.47759102956928606
183,"1,796",乍浦海盐码头,477.08881458184646,3030648.6489812415,5662144.585166574,0.5352474850113851,2854097.00543586,0.4888243699682055,0.9417446019007416,0.50406642969042
185,"1,329",广东粤电靖海电厂,733.0463454872478,981948.1698170478,3791020.707364342,0.25901946879623733,734906.9007606228,0.18199495328499762,0.7484172009786906,0.19385462583546723
186,"1,025",干散码头,433.91435287582436,1463191.8736630839,1171520.1527595022,1.2489685902684238,693880.7518639386,0.3575172973352512,0.47422403332983,0.5922909223793638
187,"1,484",新沙码头,475.65595269427627,1956730.5868484944,1341885.4886985142,1.4581949080814,978406.5276179023,0.42168886361629493,0.5000210730051098,0.729128182589449
188,"1,979",东莞虎门沙角电厂,372.3140779814946,2076526.07422811,2459377.669109395,0.8443298889430327,1424563.2534074094,0.45786157381939774,0.6860319603436478,0.5792372888883232
189,"1,472",宝钢湛江码头,702.0119302661411,3131203.0886307047,5925552.0823226115,0.5284238574110012,2586127.2355471626,0.3996717569551979,0.8259212712638492,0.43643650407904105
190,"1,476",阳江宝丰码头,592.3938385548023,2641144.3975099167,1104946.345636381,2.3902919883306915,1082906.350383959,0.40662086835854966,0.4100140648897986,0.9800533344089858
192,"1,863",霞山散货码头,589.815139852856,3165120.4942720123,1731735.5536352014,1.8277158354968788,962000.0434202723,0.2444816385461876,0.3039378896194394,0.5555120938649518
193,"1,272",宝盛码头,250.18994506204572,1122796.538701094,245700.32800521553,4.569780381722812,245700.32800521553,0.2188288968983229,0.2188288968983229,1.0
194,"2,069",扬中干散货码头,500.37677777244704,1217867.5425709267,965171.6290113536,1.261814485594044,593472.144418888,0.3733545891914659,0.4873043444166878,0.6148876806778858
195,"1,263",新港码头,320.8307838144028,2903036.52178496,571807.682515317,5.076945641959255,571807.682515317,0.19696882151649114,0.19696882151649114,1.0
196,"1,345",龙吴码头,598.6016747254547,3015935.8936675685,614849.2164560347,4.905163433485852,614849.2164560347,0.20386680557335693,0.20386680557335693,1.0
197,"1,119",石湖山码头_海沧,218.22449670035564,1198283.6324263928,382043.7217254282,3.1365091592516463,377702.44289904705,0.31406504169749366,0.3152028724069619,0.9886366963268639
198,"1,393",上海集装箱码头有限公司军工路码头,556.3462454065981,3411622.679290603,310438.32503863826,10.989695550206246,267082.2828785269,0.07730359704397295,0.07828599701244299,0.8603392730111041
199,"1,845",石岛威海华东船厂,357.23818234684495,2524159.0230237306,952605.2928277061,2.6497428074654477,952605.2928277061,0.3773951181913114,0.37739511819131144,1.0
200,"1,746",滨海货运港,185.36845619155818,2451766.1635030108,794447.2493181798,3.086128330870546,772756.8154917387,0.3124198000183512,0.3151837344829193,0.9726974524173172
204,"1,199",中外运广东东江仓码头,456.0161214121113,1193923.6373300273,424254.19761387934,2.8141704762026576,260748.32021031456,0.1920897677412656,0.21839614532921578,0.6146039843019441
205,"1,959",大连和尚岛码头,583.9822600325377,2145598.40753253,4813992.284133464,0.445700425113736,1725015.733803747,0.32954265583928666,0.803978846995669,0.358333713888421
206,"1,258",广东中外运黄埔仓码,226.79346037715212,1326701.80431555,332858.90548148943,3.9857783056650984,332858.90548148943,0.2508920274312979,0.2508920274312979,1.0
207,"1,208",中科广东炼化一体化综合体码头,621.5150107022514,992339.1451730409,4751971.722876856,0.20882682032717909,820404.8442597368,0.1666166738958663,0.8267383668681912,0.17264514439556924
210,"1,883",天津临港,598.959205927743,1118860.5716724228,589115.6747503842,1.8992205090222702,270213.44269371446,0.18794020960402372,0.24150769947126788,0.45867637592261884
213,"1,873",国投湄洲湾电厂,602.40212340548,1117034.8912316195,5198866.899881119,0.2148612212513389,1117034.891231619,0.21486122125133877,0.9999999999999996,0.21486122125133883
214,"1,115",福州干散码头,281.00619928720295,1847104.8897075586,282533.817778483,6.537641774110586,282533.8177784829,0.15296035398575275,0.15296035398575272,0.9999999999999998
216,"1,130",国投孚宝码头,1642.0718420478102,1353094.8359295393,8930802.908369645,0.1515087556866208,501671.414409357,0.051283971305845576,0.3707585019823998,0.05617315929558893
217,"1,448",防城钢铁基地,734.173763582908,1181237.9980532234,6241558.388788767,0.18925369666892655,912099.8764822055,0.1400925192920415,0.772155888978699,0.14613335639390004
218,"1,462",文昌清澜港码头,408.7887783353888,1389790.9452671132,572502.7045519351,2.4275709690399148,372574.57819221605,0.23436504275622957,0.26807958381151237,0.6507822150531302
219,"2,102",新世界码头,395.54003279637107,2039267.2139073026,2345691.7432603054,0.8693670938504905,1314087.0066503284,0.42791983118311866,0.6443917686159897,0.5602129991828606
223,"2,065",泰州港杨湾港区,59.68562753799209,1667237.0804440621,306804.20457529253,5.434205449537465,306804.20457529253,0.1840195423758068,0.1840195423758068,1.0
224,"1,316",祥顺码头,14.908668201906169,2892876.943101392,83306.962412875,34.72551224187117,83306.96241287501,0.02879727138464569,0.02879727138464569,1.0000000000000002
229,"1,417",芜湖码头,151.26588051615317,965370.1091013758,733672.9566420449,1.3158044062572347,628243.2783621586,0.5867047096624706,0.6507797086725267,0.85629880817411
230,"2,061",扬州泰富特种材料码头,288.43760415946804,1496265.6845551324,650996.1499767769,2.2984247827095583,648982.3310705798,0.43315171139383474,0.4337346888119902,0.9969065578862963
234,"1,246",宁德干散码头,116.5925528261133,1178663.5642683774,579426.7479760875,2.03418908151099,577643.9872546629,0.48934371265008875,0.49008385833426465,0.99692323364834
235,"1,849",威海港码头,1179.9754795471408,4019307.4761744263,12584049.89402127,0.3193969755383769,3820679.4233882115,0.2988950702886509,0.9505815233187214,0.3036128635506627
236,"1,385",华锦港区,192.04658306499067,1337419.5339809319,516897.8229670339,2.58739633745029,508189.52871056006,0.37751951787221716,0.3799776478498822,0.9831527743597612
237,"2,126",宝钢原材料码头,615.2681889273728,3769337.15030222,5505724.23801506,0.6846214934406436,3157920.364868379,0.516241223271311,0.8377919615429418,0.573570383904095
238,"1,101",海委码头,359.5284810504243,1198062.2241506786,1462595.206103628,0.8191345213979823,693576.1977599426,0.35259153831712936,0.5789150043952246,0.47420926505539307
239,"1,245",漳湾作业区,129.65622967826386,1283903.2801640194,402884.51923090155,3.186777398682295,402884.5192309016,0.31379662740594677,0.3137966274059467,1.0000000000000002
240,"1,085",漳湾作业区,77.81234402567635,1491561.8012222168,577257.1302636579,2.5838776569826987,577257.1302636579,0.3870152277905222,0.3870152277905222,1.0
243,"1,742",上海崇明堡镇电厂,130.54931258033014,1420917.1829756133,276979.74287345796,5.1300400824791685,276979.74287345796,0.19493025082110763,0.19493025082110763,1.0
244,"1,347",泉州后渚码头,274.64522493136934,1638866.4529559836,730064.3729948392,2.2448245847596904,715988.1479703633,0.4331596960429062,0.4368801049523912,0.9807192001895215
245,"1,194",恒力石化码头,285.63415896413176,1700199.8467837411,588104.0326295218,2.890984846986737,364722.36561931856,0.18960587997124406,0.21451735000991906,0.6201664082944262
246,"1,319",揭阳利宏基码头,214.36511722677776,1534001.0553812727,241494.5592200346,6.352114351295127,241494.5592200346,0.15742789639738,0.15742789639738,1.0
249,"2,079",安州码头,107.30448277889002,1794017.6592818224,625265.2706310098,2.8692104672170937,619764.141867279,0.3444054855022665,0.3454615614627683,0.9912019281701362
250,"2,007",张家港电厂,261.32601943301665,2027628.0667289922,218330.81796097325,9.286953100186855,210983.80564595235,0.10367881544036793,0.10405449061785547,0.9663491742318568
251,"1,876",曹妃甸通用码头,478.7095069977571,3729447.562937433,1720919.1247753347,2.1671254094664736,1608312.7834720737,0.41860755303221725,0.4312469223203972,0.9345661631147474
252,"1,817",嘉兴电厂,523.7183046770489,3047592.346587676,1247931.7416805816,2.442114616367962,1176492.3384804805,0.37719793604554697,0.38603993076625676,0.9427537574259517
253,"1,550",宁波镇海港码头,712.7957193960423,1243294.0808848746,6496178.090194697,0.19138854625329582,1222830.7613460917,0.18764739141847359,0.983541046439939,0.18823849105858526
257,"1,957",鞍钢鲅鱼圈货运码头,266.40302592756956,2823643.792214774,1438972.6678322766,1.9622636727829021,1368708.9741116348,0.4729622424917355,0.48473145865118633,0.9511709323662904
258,"1,240",通用码头,255.2147191404339,2087602.3561354969,662108.2472442123,3.152962321228276,640695.0883427055,0.3037887032004429,0.30690475437512915,0.967659126750601
259,"2,072",泰兴国川码头,265.8550500545385,4080072.6457502237,557555.7791041549,7.317783796099871,472418.9119605911,0.1134202038332466,0.1157868873861007,0.8473034083148483
260,"1,487",东莞国际集装箱码头,871.9728139949259,1085421.60313314,2092136.6173028022,0.5188100978474691,786613.5758127674,0.32899698350680207,0.7247078679309092,0.3759857598720658
261,"1,485",东莞海腾码头,1818.0705881430306,1825313.4518835472,310568.1441910325,5.877336378584872,0.0,0.0,0.0,0.0
262,"1,250",小漠国际物流港码头,316.57456903374003,1256281.811602246,1120431.3011905816,1.1212484069905118,753370.3172707781,0.46408578603911094,0.5996825794285273,0.6723931368841973
263,"1,977",高栏神华粤电码头,309.3397268610794,1098255.972625267,1070258.003327346,1.0261600186224982,469624.3958311329,0.2764302055449372,0.4276092345835775,0.4387955001234361
264,"1,857",金海浆纸码头,130.54079033170444,1843109.4093379425,1520955.2975189162,1.211810374929852,1320920.6589713828,0.6465137200377289,0.7166805466235814,0.8684809219088534
265,"1,699",张家港港鑫重装码头,478.2085732943138,2432314.333045885,862588.1618712825,2.819786359888441,862588.1618712824,0.35463679597328174,0.35463679597328174,0.9999999999999999
266,"1,070",温州大麦屿码头,112.56227460546435,933089.345809423,657963.3873341212,1.4181478236806355,581536.0045107055,0.576053856282564,0.6232372142308011,0.8838424989981928
267,"1,958",大连湾新港码头,618.5895063890741,1899360.4953599484,1311879.8721763901,1.4478158676288981,1085960.462267123,0.51097291212075,0.5717505786395343,0.8277895600803219
268,"1,373",温州海运码头,47.90163433975218,1740925.9150305009,311239.83409453754,5.593518966154259,311239.83409453754,0.1787783336484394,0.1787783336484394,1.0
270,"1,374",石湖港油轮码头,636.8713728018488,1207762.3981675804,279655.9232513807,4.3187442058287155,57465.57962876969,0.040187048109594996,0.04758020262591101,0.20548672440280943
271,"1,309",莆田集团码头,279.44663271599546,2620840.079657844,583201.0546623401,4.493887757413693,583201.0546623401,0.22252447190081065,0.2225244719008106,1.0
272,"1,508",厦门海翔码头,541.3464264482288,1247341.3712485633,2921062.3860901166,0.42701634076297407,986270.9045102217,0.3099402036698653,0.7906984625411603,0.3376411641212358
273,"1,872",莆田八方港,215.60601845655515,1471559.5092555075,819448.2053568633,1.7957931930727151,771661.066131189,0.5078900637340278,0.524383187548826,0.9416837587619544
274,"1,306",湄洲湾码头,422.8303288524649,920022.5852724867,5533707.270808866,0.1662579063633784,920022.5852724867,0.1662579063633784,1.0,0.1662579063633784
275,"1,314",泉州深沪码头,617.9417732145504,1082410.6252130582,3671232.4406243386,0.29483576502417835,1056547.4023634163,0.2857776748385868,0.9761059044994582,0.2877909310977153
276,"2,094",靖江盈利码头,275.79730513123343,1890742.560791558,2125395.985788584,0.8895954323024832,1339334.7056393588,0.5003484697513879,0.7083643926006761,0.6301577280632844
277,"2,050",扬州港码头,223.42714976570846,1305544.787436905,480712.30616540246,2.715854723693502,384168.44201145286,0.2739972551489972,0.29425910601325816,0.7991649830559341
278,"1,751",乳山港,989.6525444630976,1587593.552702169,2029607.8658334662,0.782216889985405,654438.6749124015,0.22088797907323243,0.4122205420893225,0.3224458704212076
280,"1,664",泰兴虹桥码头,506.89285406474596,1521817.1993440366,1795603.242770372,0.8475241986064134,936385.7072801066,0.39326839444249867,0.6153076122964873,0.5214880910080061
282,"1,694",干散货码头,631.4398059202174,979926.1782513942,1516769.9962904458,0.6460611567000883,560328.9160324075,0.2893711993786421,0.5718072733114172,0.36942246840509785
284,"1,377",修理码头,1065.8051547328232,896576.486601039,3621059.896790093,0.24760056783258785,831794.4090100852,0.22567283534985685,0.9277450629599427,0.2297102043927618
286,"1,793",宁波中宅煤炭码头,729.6260406226429,1728254.7090315796,1900480.7670882111,0.9093776369436747,1048555.691861005,0.4063886161181695,0.6067136321870975,0.5517318091398166
287,"1,613",鼠浪湖矿石码头,247.69809795754827,2545110.1907067145,6184747.88770939,0.411513975495181,2478777.126028328,0.39653575836055827,0.9739370558804893,0.4007887097474524
288,"2,025",南京汇鑫新港区,1909.4510352996328,1785852.6720829064,263996.43676454993,6.764684758513055,0.0,0.0,0.0,0.0
289,"2,058",镇江港集团金港码头,154.7439116916975,1988171.2155383802,1326971.2048851887,1.4982775875007772,846797.9409150183,0.34306311292644875,0.42591801666624196,0.6381434184838128
290,"2,071",国电泰州电厂,330.01693531130564,1285606.6530801472,532412.0996490864,2.414683388915264,530958.979228842,0.4125363795535331,0.41300266917313544,0.9972706848300364
292,"2,063",海昌码头,387.18197775727015,2486246.6625120067,326251.14494935574,7.620652681227981,326251.14494935574,0.13122235611961539,0.13122235611961539,1.0
293,"2,056",国电谏壁电厂,601.8508845320597,2352150.6399852005,697461.3226609675,3.3724459888488605,482922.46110458183,0.1881499343081945,0.20531102595861817,0.6924003459605861
294,"1,600",北仑铁矿石码头,408.24950669489596,2840879.55432664,3062785.7952968013,0.9275475806009942,2457718.544833582,0.7132201058406814,0.8651259223892451,0.8024454562273478
295,"1,773",江苏扬子沥青码头,786.8479625607112,2749346.5444783736,105086.65739934187,26.162660536727586,105086.65739934186,0.03822241238027695,0.03822241238027695,0.9999999999999999
296,"1,774",孟家港码头,199.3266499523105,955176.2172621608,718463.4521120796,1.3294708512370568,536400.1561102105,0.4716685885901642,0.5615719344936205,0.7465935177820744
297,"1,989",天津港煤码头,367.8616311468724,958419.7170106452,1013095.5167958988,0.9460309527790866,600563.6177623732,0.4380633209327087,0.6266185963239138,0.592800587709406
298,"1,192",葫芦岛电厂,349.8397356353201,1927086.880956855,2668547.5451151906,0.7221482279693354,1461818.829178604,0.4664661285838607,0.7585640500301514,0.5477956845305161
299,"1,383",宁德修理码头,468.9239995096253,2126820.9497984876,2081482.3481366578,1.0217818814088993,1517217.602320575,0.5637938638643331,0.7133734518010689,0.7289120677284568
300,"1,737",上海外高桥通用码头,333.80327944607114,1229867.462032541,1152785.381846622,1.066865941744024,627415.1479850188,0.35745309564207145,0.5101485870258905,0.5442601527267599
301,"1,117",福州修理码头,290.7693758306157,1354816.90091854,1539315.5938625638,0.8801423868635891,1091759.780231541,0.6057347469912107,0.8058356664220446,0.7092501268645094
302,"1,327",揭阳南海炼油厂,910.3567355817373,1371031.1825204114,5819685.52483115,0.23558509762607663,1243163.5851358494,0.2090210141196215,0.9067361858615799,0.21361353286729667
303,"1,069",上海外高桥造船和海洋工程,399.8828067573708,1378700.6850164488,8765397.270823073,0.15728901296985806,1378700.6850164484,0.15728901296985798,0.9999999999999997,0.15728901296985803
306,"1,827",新苏铁矿石码头,499.27662239587465,1472019.5728472231,829101.5395738735,1.7754394396659605,573378.6580558046,0.33186581518970804,0.389518365538278,0.6915662686508811
307,"1,112",台州干散码头,535.2899607253884,1194138.2258039226,1863940.893602357,0.6406524101180398,951178.161719992,0.45145841253237495,0.7965394132489444,0.5103048948519454
308,"1,983",宁波北仑电厂,184.94512212707878,1812601.9629181623,1100846.6176442294,1.6465526930509744,1064812.1702616792,0.5759987006252187,0.5874495294860026,0.9672666048067055
309,"1,982",宁波宁海电厂,463.2595559035559,3101303.271372898,1556133.661896608,1.9929542990497646,927699.8013740153,0.24873061252511075,0.299132242221296,0.5961568881193273
310,"1,852",龙口散货码头,560.7500485322754,2000170.5886141644,31160661.67265872,0.06418896394517748,2000170.5886141644,0.06418896394517748,1.0,0.06418896394517748
312,"1,109",舟山修理码头,246.6748035646057,1082237.520753787,1035840.7040690768,1.0447914592489465,720899.3547497622,0.5159678336046151,0.6661193508127958,0.6959558085696619
319,"1,783",台州码头_1,190.38287803352273,1208719.7240153982,452954.555902897,2.6685231625631776,427043.0099449825,0.3458870841285377,0.3533019288593509,0.9427943805394259
320,"1,001",永港物流公司码头,20.10386178678179,1812034.819930486,117145.11890506306,15.46829126870406,117145.11890506306,0.06464838181727492,0.06464838181727492,1.0
321,"1,513",福州国际集装箱码头,780.2049137019778,1435818.5787762841,5324311.661872557,0.26967215106098946,1104531.683828218,0.1952988128013715,0.7692696696887606,0.20745060657094494
323,"1,325",汕头广澳码头,486.10947589431606,1505325.6292771215,2397640.0805491223,0.6278363635514312,1133025.470249986,0.4090432905596963,0.7526779908703746,0.4725586127132533
326,"2,109",南通其他码头,482.3777604625854,1379367.4249095889,1912827.5867884317,0.7211143515686622,738343.7297735009,0.28910991607040765,0.5352770526836937,0.38599596475558645
327,"1,301",华滋船厂,686.937984417792,910003.9168246015,15022516.247232374,0.06057599817821819,910003.9168246016,0.0605759981782182,1.0000000000000002,0.0605759981782182
328,"1,594",华润大东船厂,838.583879597318,2623306.183590796,5677075.407749079,0.4620876058841921,2095468.3297225062,0.3377111397647971,0.798789078770141,0.3691105330153338
337,"1,834",董家口大唐码头,156.71540808161882,1751336.7463433873,352225.64843809063,4.972201070846245,350147.00772261893,0.19969427113899577,0.19993128588987252,0.994098553797291
339,"1,447",大连通用码头,364.36005071108985,1685191.1268308288,1594348.9161003658,1.0569776225348808,1006527.6783655769,0.44281663138155813,0.5972780548984098,0.6313095384587792
341,"1,104",日照港裕廊码头,660.3949228885301,1103004.6775396473,2504642.6380746122,0.440384053506155,843942.4804429075,0.30536635812289353,0.7651304637487107,0.3369512550867015
344,"1,349",漳州古雷电厂,144.7554171452681,1527946.1161038128,1727563.0603438218,0.8844517176696978,1251654.364064721,0.6246232792565932,0.8191744138571966,0.7245202174070654
345,"1,220",茂名广钢码头,723.7293482813191,1532844.8021546248,1435913.810453167,1.0675047422734008,786151.2588246185,0.3601890452086862,0.5128707470707892,0.5474919546713694
346,"2,008",乍浦港码头,465.7353966821283,1827366.7861423327,7701740.104190323,0.23726674250512667,1824619.3370898997,0.23682552856119968,0.9984964983093334,0.23691001155663124
348,"1,681",江阴兴澄特钢码头,61.38159836307014,1484953.244296704,526092.7344449183,2.822607398035028,526092.7344449183,0.35428235634050803,0.35428235634050803,1.0
349,"1,790",老塘山_5期,360.9988977092438,3904242.1036634217,2037286.9842598343,1.9163927977883146,1730589.203833225,0.4109745689725512,0.4432586806564535,0.849457743167178
350,"2,023",南京惠宁码头,1147.1664601645145,970198.4792173248,1400478.6126088363,0.6927620818214582,433919.0024274576,0.2240439860830397,0.4472476629498608,0.3098362220749274
351,"1,413",南通中集（中集集团）码头,96.87882308078593,963937.0437148992,269930.2247398697,3.571060056886331,269930.22473986977,0.28002889452156615,0.2800288945215661,1.0000000000000002
352,"1,651",永安码头,83.44829068242312,1627046.6523891508,678902.2535081364,2.3965845509889023,678902.2535081364,0.41726047161047175,0.41726047161047175,1.0
353,"1,814",上海外高桥申能电力码头,538.9009367362788,1684251.3526465292,1371162.541026454,1.228338218301746,886979.2532278046,0.40904126722754636,0.5266311657307324,0.6468811878158593
355,"1,098",宁波冠保码头,158.7094247720731,1110634.058593809,789488.9753946725,1.4067758932777916,698359.30501513,0.5811119841432789,0.6287933452169957,0.88457131990477
357,"1,946",绥中粮食码头,376.4572121089706,2349148.1988906437,1512606.4590433724,1.5530465210206301,1248558.3898919951,0.47778974934305163,0.5314940924040515,0.8254350511511296
358,"2,044",和麟水泥码头,114.23106904637389,1187953.8196838817,446468.12004809536,2.6607808404235236,446468.12004809536,0.37582952523095725,0.37582952523095714,1.0
359,"2,101",张家港沙洲电力,412.6300756938291,3358352.797664744,1234678.6337091422,2.720021798365293,1234678.6337091422,0.3676441124850508,0.3676441124850508,1.0
360,"1,936",大榭万华煤码头,145.08253463541257,937917.9652421502,414975.4971200875,2.2601767375453767,409907.5231930965,0.43469102365859597,0.43703984610985375,0.9877872935579027
361,"1,540",大麦屿,300.02973210321056,1550994.7756104318,1397056.331939576,1.1101877140896232,821486.6415404873,0.3862975492494708,0.5296514562514701,0.5880125394800597
362,"2,116",梅津码头,607.1315360690623,1013553.219848116,1231173.2978419156,0.8232417171690948,570046.7632260895,0.3403915057231698,0.5624241056740096,0.4630109865323641
363,"2,027",南京西坝电厂码头,383.7234502354097,1931609.941436184,671500.1449150103,2.8765592324342117,671500.1449150103,0.34763754861177554,0.34763754861177554,1.0
364,"2,049",扬州国信扬二电,248.1006468447054,962626.5619907884,482322.47566109046,1.9958152700045213,364069.3338380796,0.3368268758803496,0.3782041221521617,0.7548255621699396
365,"2,041",华电句容码头,417.9222754654385,1241689.8516806467,1037157.1560497826,1.1972051144205254,639322.4089980418,0.38994377363556454,0.5148809166256041,0.6164180667017013
366,"1,952",锦州港煤码头,347.59009529194714,950042.8421707149,1334718.4904378909,0.7117926731194286,588975.8172505539,0.3473174006479211,0.6199465867295275,0.44127343815947606
367,"1,943",常熟电厂,945.1892652572984,982485.6879663201,3128898.142201512,0.31400373016778266,607904.7174531295,0.17351458304601936,0.6187415500285319,0.19428715471875474
368,"2,104",南通华能电厂码头,830.1189954021646,952124.642017727,3492063.1726085613,0.2726538997020757,661821.1094324716,0.1749753953057173,0.695099234098123,0.18952151685677926
369,"1,454",永新散货码头_散货泊位,436.8415752748066,1310380.9065224943,912393.5459966115,1.4362014201790079,614672.8440825107,0.38223507821753805,0.46907951804161846,0.6736926699882569
372,"1,229",宁德福鼎杨歧码头,220.57619903115204,1347634.6061493028,571234.6453897513,2.359161190634396,554985.8359524271,0.4069158914977489,0.4118221908371956,0.9715549300651439
373,"1,204",新会新港码头,81.2597992829261,1035065.6861081459,189614.61078389653,5.458786545135009,189614.61078389653,0.18319089631581623,0.18319089631581623,1.0
374,"1,865",东莞麻涌码头,407.35034030184335,2189205.8487786,1262456.6326912213,1.734084001057364,781627.9888263157,0.2927407833044336,0.35703722848283137,0.6191325456939404
376,"1,847",龙眼港马兰湾船厂,1196.4035171098278,2193806.0689294175,3947093.244620668,0.5558029499098524,1399980.515172584,0.2952972988382977,0.6381514460190083,0.3546864561866027
377,"1,120",潮州虎屿码头,555.63364445008,928007.2926087514,3348927.577110405,0.2771058111114708,899591.6659077265,0.2663607491511408,0.9693799532316768,0.2686208182154634
378,"1,222",江门码头,320.8056248813122,1182399.5114334598,483155.5679801344,2.447243889533476,423971.9228806446,0.34147686415508577,0.3585690951162947,0.8775060269988999
381,"1,833",山东钢铁日照港_散杂货码头,328.44706003917935,1393947.7207367287,2568223.0743085723,0.5427673844539431,1195350.8913146006,0.4320306101972245,0.8575292125610235,0.46543888779459625
382,"1,251",蛇口码头,1530.5623860386988,1439674.240108027,10063372.29105009,0.14306081485114175,1205719.8224390843,0.1170905669544473,0.8374948921421365,0.11981270170352311
383,"1,239",乐清湾港区C区码头,363.24067920404076,1072753.0007295578,3256787.4087076522,0.32938993741542505,1072753.0007295578,0.32938993741542505,1.0,0.32938993741542505
384,"1,763",庄河码头,906.417803220958,2534356.2781275795,4698851.998729618,0.5393564808622975,2238230.1593140378,0.44809608904051385,0.8831552921863361,0.4763355304485363
386,"1,733",吴淞船厂,1019.8133291518191,2619690.3623102624,1418696.5635163505,1.8465473376612367,579428.1145739085,0.1675151819353586,0.22118190871341004,0.40842286467357797
387,"1,944",漕泾发电厂,969.3207520439304,915169.3912684392,2615098.070560041,0.3499560500507155,749933.7381191488,0.26972795809513056,0.8194480117825278,0.2867707894253256
388,"1,511",福建石化码头,1144.2877412648836,1118816.5779521149,3781067.8384135617,0.2958996309417028,433842.076585959,0.09714240116392577,0.3877687237885452,0.11474062225976563
391,"1,122",江门南洋船舶工程_舾装码头,234.1407853399797,913792.2411035683,1858049.9113188772,0.4918017732122934,835434.1247001792,0.4314349624355116,0.9142495275416679,0.4496295388034937
392,"1,934",广西电厂,190.60465570590173,1771128.458662346,346631.4656770754,5.1095432297319,346631.46567707544,0.19571221047335588,0.19571221047335588,1.0000000000000002
393,"1,994",妈湾港码头,1472.4902838133746,1385379.8425625893,755971.7281857878,1.832581551544634,0.0,0.0,0.0,0.0
394,"1,907",大连国际谷物，油料和食品物流工业园区东,354.1109777691504,1232128.7239315722,633253.9477549874,1.945710292529113,520097.78088355105,0.3866079106657488,0.42211318572623047,0.8213099700797797
395,"1,779",台州修理码头,1812.0625771272887,914749.1967837077,507018.6218590387,1.8041727805374892,0.0,0.0,0.0,0.0
396,"1,111",台州修理码头,449.249999130512,1978591.4601074161,1045519.0038064714,1.8924490639614038,1043804.4198091304,0.5270924779109111,0.5275492393727723,0.9983600642445536
398,"1,029",上海干散码头,157.14727929525412,2531497.280361538,582295.3665204055,4.3474453446004295,490787.1894038776,0.18710871836147586,0.19387229574024484,0.8428492095629252
401,"1,961",蔚阳栾家口码头,476.57317725077587,1510987.9387974762,2260649.960367502,0.6683865106439755,1204958.5377100257,0.4694620433722507,0.7974640344707153,0.5330142033639483
402,"1,369",宏运码头,455.0654703908988,943200.5869469757,1794077.8079238345,0.5257300339936082,643277.0926144839,0.3071999486921716,0.6820151529980413,0.3585558495698161
403,"2,017",镇江港（镇江盛华港务有限公司）,69.3769437020179,991703.8741011779,224266.12547494727,4.4219958408830715,224266.12547494727,0.22614222988511454,0.22614222988511454,1.0
404,"1,991",江阴苏龙电厂,195.24322981951101,1477017.8502759428,529310.6459079621,2.7904555891603406,444232.3914462601,0.28438224133518936,0.30076304857335795,0.8392659299044296
405,"1,969",绥中电厂,1821.1878268952125,952661.9424953194,48154623.20231077,0.01978339522028706,952661.9424953194,0.01978339522028706,1.0,0.01978339522028706
407,"2,118",华能煤炭运输中心,427.41350165650294,1313657.9317695415,746498.4532941274,1.7597597503017839,619202.7041655269,0.4297172854158503,0.4713576412783806,0.8294762051188809
409,"2,080",泰兴中建材码头,202.6079664311605,1927553.6505069123,603788.9469092466,3.192429507651514,603759.5749752156,0.3132210483005089,0.3132258211419628,0.9999513539719775
410,"2,117",太仓武钢码头,375.71017144193723,929944.3068110044,1098925.6354670892,0.8462304243323429,604952.236813699,0.42485056158241996,0.6505252329445632,0.5504942439135739
411,"1,918",华电莱州电厂,425.07961649827513,911035.9876432061,903473.3107303379,1.0083706699722594,488627.25718090485,0.36852996118823783,0.5363424319218755,0.5408319774116125
412,"1,787",舟山鑫亚船厂,1507.8543719574595,909778.2066342717,20499586.138373133,0.044380320680292164,909778.2066342717,0.044380320680292164,1.0,0.044380320680292164
415,"1,898",天津港汇盛码头,324.97669061255544,1884853.1880807923,725375.5002872007,2.598451681004549,650249.8288674573,0.3317636951620802,0.34498699048786874,0.8964320253579029
417,"1,687",中粮东海洋码头,265.7084922566285,1686065.8836981603,537699.3036837983,3.135704048985853,537699.3036837984,0.31890764701580154,0.31890764701580154,1.0000000000000002
419,"1,189",3号港池杂货码头,685.3541380531285,1943892.896254822,7803581.738727476,0.24910265072353954,1327236.2029474797,0.1576245392170851,0.6827722893090373,0.1700803871074606
421,"1,769",旅顺新港码头,553.1800386494641,1138198.0930965978,748905.0526919411,1.5198162824584263,366697.4247973142,0.2411839285623358,0.32217364184794234,0.48964474665943214
423,"1,956",鲅鱼圈铁矿石码头,731.0061421682598,1097205.8109696507,2364478.827690777,0.46403706310249176,713790.4818873401,0.2597590886562967,0.6505529543782956,0.3018806823423536
425,"1,547",干散码头,1548.8714239813885,1108727.8147383116,8577188.496328423,0.1292647136311528,899057.1815414871,0.10231837887562255,0.8108907971734143,0.1048195666827586
426,"1,215",防城散货码头,543.466912304682,1710137.5319551197,892648.4340438268,1.9158018618908552,751961.7462566617,0.4062847990833875,0.4397083463790069,0.8423940686818505
427,"1,455",大榄坪港区,1002.5159408741172,2107779.887394232,648482.623358428,3.2503259323715517,482335.93096867827,0.2121158771161816,0.2288360060048641,0.7437916045779418
429,"1,214",防城集装箱码头,598.4635356195506,1701412.5134928462,349842.0979052619,4.863372714948653,182617.68293928314,0.09772775018949172,0.10733298450026416,0.5220003082325915
430,"1,854",莱州港码头,815.4195863354698,2661835.075352616,2486945.1310520973,1.0703232017935724,1664219.9658093571,0.4775982766551385,0.625215281449733,0.6691824218515476
432,"2,010",广州珠江电厂,276.72825186368385,932598.1434092644,515727.6954402719,1.8083150306929203,416722.637110122,0.40395632391163055,0.44684051759606186,0.808028424291563
433,"1,477",高栏集装箱码头,1031.124788184828,1324997.5937006809,7141288.603695466,0.18554040695330848,1295249.266313324,0.18062231149571584,0.9775483913866811,0.1813747263544369
435,"1,729",浙中建设码头,113.78833420737595,1244461.3558837739,142960.43413968736,8.704935483532488,142960.43413968734,0.11487735915926592,0.11487735915926592,0.9999999999999998
438,"1,575",镇江修理码头,38.86951312150191,1052302.0332398212,857842.9139995436,1.226683832280721,768372.8365818636,0.672965147256389,0.7301827919273347,0.8957034254668592
439,"1,792",宁波环海重工船厂,311.21931151722873,1275213.5106432056,832676.7282462507,1.5314628923628113,577265.9268039954,0.3771440988138207,0.45268178386286695,0.6932653540345832
440,"1,755",蓬莱东港区,901.3846717946517,2778207.6644913177,7686495.88658283,0.36144007691994223,2651440.308246845,0.33935120651168493,0.9543708132891918,0.3449478601653933
442,"1,191",中物通用码头,917.3211229641889,1480136.090958848,9004720.209173787,0.16437335714783471,1165008.8412766329,0.1250029945682862,0.7870957599053798,0.12937757245247336
443,"1,841",青岛大港,1290.1616022465437,2478395.3651231304,5665239.432355553,0.43747407231694657,1994292.9761048397,0.3243099886191216,0.8046710400484308,0.3520227167654998
444,"2,046",惠龙港_货运码头,123.96589885836983,1369564.28494451,611867.122112469,2.23833612797513,611579.0630553989,0.44645619342364196,0.4465500960987588,0.9995292130486181
448,"1,337",惠州港业码头,670.9145516306064,1608351.683105348,4721925.786137088,0.3406135030387904,1127941.9422339196,0.21681453193053019,0.701303050870149,0.2388732888486725
449,"2,098",南通船务修理码头,1030.7860464009887,1695127.1615431753,6508337.21452517,0.2604547222537926,1325045.8589833395,0.19263815594996372,0.781679327099609,0.20359207203126017
451,"1,004",上海干散码头,97.59286048605473,1147958.869996186,338771.66757761326,3.3885917267068577,288576.6756563353,0.24085110003694515,0.25138241726142513,0.8518323793716363
452,"1,014",鹰舌头山码头,820.1156919612791,2028862.275252051,1667042.7190973812,1.2170427620178663,597309.9979946268,0.19276801217884354,0.29440638000941755,0.3583051538823431
454,"1,995",惠州荃湾煤炭码头,598.9700133943606,1241806.3852852804,4669268.532890806,0.2659530880560561,1241806.3852852802,0.26595308805605605,0.9999999999999998,0.26595308805605605
455,"1,785",宁波乌沙山电厂,238.59857875355746,926285.8114164973,1620525.8969647677,0.5715958092070133,868844.427151274,0.5177958097695384,0.9379874078202897,0.5361496713990273
456,"1,458",铁山电厂,347.3737431896583,1086390.795174069,471865.68839513557,2.3023305612005767,341227.65292201255,0.28037762485918627,0.31409291613828405,0.7231457198817812
457,"1,532",宁德鼎信码头,141.928620493748,1102851.7909756473,3975107.2367056375,0.2774395067363349,990577.0301776513,0.2423500007541859,0.8981959663875858,0.24919504586713745
458,"1,939",苍南电厂,36.93525681742976,1424391.650653801,2285156.954994748,0.6233233334543862,1334971.751203277,0.5621935330095439,0.9372223928654173,0.5841925861089683
460,"1,812",宝钢全天候制成品码头,180.9836302865684,1859605.5144764793,654017.5310152586,2.8433572898110793,654017.5310152587,0.3516969195476813,0.3516969195476813,1.0000000000000002
461,"1,901",丹东大港码头,998.1944160245638,1856656.1263435336,14277393.329048079,0.1300416738233353,1856656.1263435336,0.1300416738233353,1.0,0.1300416738233353
462,"1,247",观海码头,215.12562808140086,1087343.8346065013,476554.17994898104,2.2816793564226217,469440.1207126592,0.42892478856758687,0.43173107325572396,0.985071877373768
466,"1,359",南京中储库码头,160.30346139115116,1417397.2261865854,1477832.6006666436,0.9591053990466877,860958.4193385359,0.42322691857050915,0.6074221138804456,0.5825818289230874
469,"1,749",青岛港码头,823.9011957346144,980344.4103282614,17481840.139231697,0.05607787295390211,980344.4103282614,0.05607787295390211,1.0,0.05607787295390211
473,"1,265",如皋通用码头,694.116250120262,1389898.8317353725,599057.7148405976,2.3201417781677494,388687.55052663793,0.24288888398526204,0.2796516851815309,0.6488315581246846
478,"1,406",干散码头,537.5343623241048,2504669.818506063,937035.1842951472,2.6729730755949315,932059.9701873144,0.371391156149496,0.37212887834582986,0.9946904724697448
480,"1,874",烟台西港,1747.9149595525355,1748125.3341387105,19283282.291149426,0.09065496774587276,1748125.3341387103,0.09065496774587274,0.9999999999999999,0.09065496774587274
483,"1,850",烟台芝罘港区,998.8444122275746,2249821.4129753727,23059589.592683192,0.09756554443142566,2249821.412975373,0.09756554443142568,1.0000000000000002,0.09756554443142568
484,"1,846",龙眼湾码头,573.5569006405017,1638663.566914345,1950919.924186188,0.8399440420897344,980360.9278925392,0.375729131625783,0.5982685815970081,0.502512130681883
487,"1,118",福州干散码头,278.39962259240457,1478673.0518638983,1182825.6457440285,1.2501192015783307,780046.0590759126,0.41459776509949037,0.527531125350968,0.6594767892314705
490,"1,558",中海油舟山石化码头,242.67450733900253,1121867.5479231009,680758.091826733,1.6479679953751316,493223.03710759437,0.376677911065948,0.4396446247337236,0.7245202708998865
491,"1,552",洋公山石化码头（原埃索码头）,716.148757834735,911279.4515345774,692164.4898578809,1.3165648698934072,113344.34588120095,0.07606494641206327,0.12437935003398926,0.1637534827949256
492,"1,884",孚宝渤海—临港工业,1604.0995485933486,1125020.2813161577,1045295.3270427153,1.0762702675606475,0.0,0.0,0.0,0.0
493,"1,586",海滨油轮石油码头,151.01230965208617,1091216.4410123697,767499.6777266738,1.4217809761751845,650073.838363468,0.5378546232566537,0.5957331780671905,0.8470020994523151
497,"1,410",卓升石化码头,374.0407226412623,914255.3472051165,919999.4649399158,0.9937563901353199,544278.2404053704,0.4219287794284178,0.595324098534651,0.5916071271203582
498,"1,837",董家口铁矿石码头,1148.1142906374123,1587475.763614478,8270403.801821326,0.19194658467158288,1499070.716092937,0.17934023173777772,0.9443109308829671,0.1812572580510287
499,"1,815",漕泾电厂,804.6487193108622,1108743.0956526152,2092887.711106137,0.5297671202181317,187427.11325515865,0.062181303028429585,0.16904467228707976,0.08955430922574405
500,"1,339",湛江石化码头,744.9908140531537,941187.3211510343,1631959.4086374058,0.5767222616994333,549472.3083342026,0.2715220899710463,0.5838075970490338,0.33669483776743014
501,"2,036",仪征6号码头,422.4426504301616,2502067.957105478,1076490.7692714205,2.3242818503672833,861217.8709961307,0.3169340604770955,0.3442024300540711,0.8000234610269918
502,"1,444",烟台牟平码头,296.8061174549593,1198845.9019532006,521291.6072230688,2.2997606048934447,426959.26616570057,0.3301627354723529,0.35614190737115087,0.8190411283237831
503,"1,302",莱州朱旺码头,385.0454293485876,1181939.4744342756,14653277.643321881,0.08066041627027626,1181939.4744342756,0.08066041627027626,1.0,0.08066041627027626
505,"1,962",修理码头,1267.6863193827314,1507223.5650401623,2822183.6464321897,0.5340628937970062,80254.38303323562,0.01888714910325225,0.05324650230710606,0.02843698110670203
506,"1,401",大湾港码头,204.46569992216223,1330670.1049041832,462779.74443568185,2.8753853661568862,448243.01540950243,0.3332149407090409,0.3368551031224819,0.9685882340336532
507,"1,768",修理码头,474.080032343181,1096266.366339513,1251741.7505899095,0.8757927630223045,669508.0245907076,0.3988727958053656,0.6107165604525728,0.5348611439022369
508,"1,268",连云港干散码头,414.49558940399345,1922964.8626064367,481515.3992672056,3.9935687737773318,481515.39926720574,0.25040259894013206,0.25040259894013206,1.0000000000000002
509,"1,074",兴鑫钢铁厂码头,50.13427065537279,1964556.903374457,339300.9758468518,5.790012535245955,339300.9758468518,0.17271119775866267,0.17271119775866267,1.0
510,"1,757",寿光码头,825.5470029173772,1664463.3513909602,1702601.824390894,0.977599887152959,892654.3399425541,0.360754296341324,0.5363015888553989,0.5242883727449906
513,"1,528",宁德漳湾码头,458.0801719931767,1452645.9931740765,780903.6914186974,1.860211456466545,694025.4458506078,0.4508051438135497,0.4777663994612622,0.8887465297926118
514,"1,727",上海南港码头,1543.8581009260677,896561.072197526,8399838.913083006,0.10673550784421648,480763.4695407116,0.054535309921448734,0.5362305864589134,0.05723484396729416
516,995,永生码头,159.3072334988743,2410406.650618307,213229.19406605404,11.304299400351399,213229.19406605404,0.08846191741603328,0.08846191741603328,1.0
517,"1,965",日照二公司西区,441.07761634088644,1443534.1892395099,3807259.3942986345,0.37915309668713415,926754.3571454312,0.21432607537156104,0.6420037461209482,0.2434177084264982
518,"1,826",连云港东联港码头,1004.6383689134625,1642345.0436503226,3612735.6973657394,0.45459872551647057,1400187.2591166806,0.36322333306776117,0.8525536485345276,0.38756980205821323
519,"1,747",通用码头,434.12605026963286,1185466.8315819595,621466.0201401743,1.9075328226546842,405450.5378269863,0.2893012161531424,0.34201761451725166,0.6524098256177147
522,"1,596",白象山码头（宁海）,234.13580789113948,1227504.3871859515,1290360.1683424106,0.9512881886014791,954969.4332412216,0.6110259221000827,0.7779763911316724,0.7400797518943645
523,"1,838",青岛北海船厂,1879.4494162337285,989323.3215662853,12624683.5435445,0.07836420755846712,989323.3215662857,0.07836420755846715,1.0000000000000004,0.07836420755846715
525,"1,361",马鞍山长江码头,163.15859790248086,1475981.255020414,548411.6523886316,2.691374715675189,548411.6523886316,0.3715573287419877,0.3715573287419877,1.0
527,"1,021",华埠码头,36.43302448819824,1990761.7850769954,99084.6429776756,20.09152705455604,99084.6429776756,0.04977222474352619,0.04977222474352619,1.0
529,"1,813",宝钢一体化码头_1,664.3081428774914,3135572.665788043,2866731.936636869,1.0937795144761833,2078649.7802872362,0.5297738650605232,0.6629250863700915,0.7250938791039605
530,"1,403",修理码头,706.2099046637996,1114419.209640561,4244658.58728169,0.26254625353843664,1008175.0127424253,0.23171628113784049,0.9046640653902556,0.23751616107906287
531,"1,051",台州干散码头,201.02926930001632,930598.7662243557,1373849.3129178297,0.6773659654477805,872043.8013973873,0.6087972613223049,0.9370781834747763,0.6347448684494443
533,"1,336",东联中海油成品油码头,459.55454746338677,1025050.5464756391,2306454.952355941,0.4444268661863938,899917.138774579,0.37009436036018994,0.8779246466125035,0.3901732994417922
535,"1,068",佛山干散码头,18.328165233869957,3147090.4079773203,138749.4065949395,22.681829675602387,138749.40659493947,0.0440881540114749,0.0440881540114749,0.9999999999999998
537,"1,082",珠江钢铁码头,114.73810727258036,1166387.3541571605,255104.04611698515,4.572202487224686,255104.0461169852,0.21871297318833258,0.21871297318833258,1.0000000000000002
540,"1,008",佛山通用码头,98.32548805538792,998525.0995283436,197511.63386746653,5.055525489695306,197511.63386746653,0.19780337415730637,0.19780337415730637,1.0
543,"1,033",青峙石场码头,147.57551925980914,907721.2523499201,542247.5992759031,1.6739977338065797,526431.0931536447,0.5700157771833033,0.5799479650727725,0.9708315792575585
544,"1,079",上海青祁物流,1640.0860589978508,925985.1171341103,505239.14739276806,1.832765972139246,0.0,0.0,0.0,0.0
545,"1,544",浙江海昌船业,231.5887678648428,947600.7025832472,985789.7724093101,0.9612604320972744,686257.3437299232,0.550267911682481,0.7242051866984925,0.6961497906928802
546,"1,542",浙江台州湾港区,111.12601283357179,925761.5392133633,419392.1011072274,2.2073890680565555,383040.54706217686,0.39812424313333405,0.4137572483165087,0.9133232267630229
547,"1,788",舟山浙能电厂,707.1448990420766,2335096.898751033,5143651.295524582,0.4539765167951349,2335096.898751033,0.4539765167951349,1.0,0.4539765167951349
548,"1,590",动员船舶工程码头,494.6264627531281,963887.4496506316,261743.29364639166,3.6825678939947104,128953.54775927565,0.11758569274894444,0.1337848602614505,0.4926718311013864
549,"1,603",舟山港海粮油码头,88.63208923920851,1097889.5444372708,667224.2440633771,1.6454581112807802,652486.6681134453,0.5864378605892466,0.5943099389364171,0.9779121096377128
550,"1,844",石岛山东华东船厂,643.443741831482,1244098.3287732617,1534491.371805651,0.8107561577940442,536808.7025757072,0.23945635325388712,0.43148414410702196,0.3498284268252608
551,"2,089",江阴利港电厂,189.62585787373604,932781.9871568423,1702561.064023521,0.5478699160149217,721015.0304501542,0.3766413188556511,0.772972720718844,0.42348849958205864
552,"1,941",浙能乐清湾电厂,195.46524883945162,1447512.7599678563,1051639.187916962,1.3764347854277115,939552.8940464042,0.6024323313957002,0.6490809062486386,0.8934175379175693
553,"1,463",华能八所东方电厂,461.60957795774294,908832.4625353892,3095285.2254403983,0.29361832475586486,763131.5724289804,0.23546277127454698,0.839683444295174,0.24654644623918356
554,"1,947",山海关船厂,1330.4205844389633,908874.8233841034,7099513.019709644,0.1280193191928641,898627.7196721283,0.1263935356569608,0.9887255060341302,0.1265759661511094
557,"1,579",华电码头,320.48809416355675,1419823.2317278555,2391702.80934549,0.5936453417957904,1223895.395650359,0.4729791702750124,0.8620054724424661,0.5117255333179496
560,"2,019",南京西坝电厂5号码头,273.2260373950882,2384885.9903713022,509351.90581721626,4.682197049100925,506442.42126021924,0.21209623126345303,0.21235498187541088,0.9942878694989293
561,"1,416",荻港海螺码头,79.56263985178714,1907267.9821010102,196615.79326880953,9.700482094505135,196615.79326880953,0.10308766000057386,0.10308766000057386,1.0
562,"1,010",芜湖富鑫钢铁码头,168.162093381227,920209.8797336774,372787.7222181483,2.468455436939492,352523.903275162,0.37483653585549154,0.3830907611828594,0.9456424722831179
563,"1,531",宁德海螺水泥白马军联码头,484.9143245220309,952807.5393301662,1456192.656439688,0.6543142043167068,583196.3355647969,0.31941894103526414,0.6120819908444366,0.4004939408159634
564,"1,702",张家港浦项码头,364.2678964917489,1582561.6816569506,941063.7517765774,1.6816731902268343,936182.526104905,0.5897424857189537,0.5915614771644899,0.9948130765185063
567,"2,022",中石化扬子石化码头,113.00710637636762,1408397.7610591014,1522851.3901387576,0.9248425487734377,672891.758044424,0.2979562756915274,0.47777110745931317,0.4418630487529792
568,"1,015",燕窝湾码头,1699.80172254242,1114058.4525162263,4194015.717290799,0.26563049058763966,20965.591234067062,0.003965417188335081,0.01881911239640426,0.004998930058280795
573,"1,931",锦州港码头,1493.7135764615919,1928230.7358357955,9845039.257234808,0.1958581053314541,1502028.2262598907,0.1462362838263012,0.7789670594628466,0.1525670123820073
575,"1,904",大连港油码头,300.18656553754585,1563011.2692226826,9609074.939579863,0.16265991045450437,1563011.2692226828,0.1626599104545044,1.0000000000000002,0.1626599104545044
576,"1,622",金陵（中国石化）5号码头,1847.9767410357551,1491977.356943604,2548293.8334370777,0.585480896028093,846050.2221228299,0.26486903396175215,0.5670663956026848,0.33200654140488095
583,"1,715",新大港货运码头,74.22410089893162,3371828.4006142197,746375.1751474573,4.517605237805593,704199.9769097993,0.20626808277138908,0.20884810649958363,0.9434932998282992
585,"1,782",台二电电厂,352.9652146445394,963085.2125354386,1644879.9985488632,0.585504847396215,788273.0609922457,0.43319033988928723,0.8184873474664005,0.47922830947404765
586,"1,453",俊达散货码头,65.5297772307105,1686339.4812019113,1187310.8662530733,1.4203015647651547,403950.43066583906,0.16356255588776736,0.23954277010577366,0.34022297120941003
587,"2,024",干散码头,454.73745813289685,2399778.239260397,277559.7153484039,8.645988976635534,266212.0201503611,0.11040983647756031,0.11093192520672523,0.959116202494304
588,"1,784",象山海螺水泥,199.38808688753312,1139910.2455538618,1767944.4520066343,0.6447658716087219,1046422.1949103142,0.5621596235267671,0.9179864809460296,0.5918863535121902
589,"1,287",海螺水泥码头,417.22174846854983,1249859.2333303886,588334.9779171811,2.124400690496306,421177.1990001653,0.29722804691820437,0.33697970760906565,0.7158799235279424
590,"1,006",芜湖三山海螺港货运码头,49.521157113332386,1368330.6732346711,189345.25771579437,7.226643485777308,189345.25771579437,0.13837682763347753,0.13837682763347756,1.0
591,"1,599",宁波北仑国际集装箱码头(NBCT),673.3274223117493,1092760.3998110392,4180145.6858065748,0.26141682179198666,939826.3630643401,0.21689570080435677,0.860047969552022,0.2248310067889409
592,"2,031",南京龙潭天宇码头,1166.0121060845454,2810214.2029591193,731543.777611072,3.8414846643028664,797.2887124603945,0.0002251616953257125,0.0002837110109332092,0.0010898714975937861
594,"1,228",宁德海螺水泥码头,127.5819084068791,909173.4712127195,1099667.8497200115,0.8267709849335013,711567.9070832824,0.5485103598722646,0.7826536184938866,0.6470753030239594
595,"1,362",马鞍山钢铁码头,1317.8023802036432,1030114.3049172127,2563916.9032522067,0.40177367043782175,683714.5868045669,0.23492790502083755,0.663726912189143,0.26666799767859384
596,"1,298",铜陵海螺码头,223.76081598753333,1116979.156906505,358220.5463516664,3.118132581401299,354711.0108216539,0.31656813068798584,0.31756278407560684,0.9902028636666553
597,"1,507",石湖山码头,222.82204591964629,1075477.9711751891,1178643.4870835827,0.912470974438874,782670.3024997837,0.531903692104598,0.7277418259386098,0.6640432930541288
598,"1,293",六国化工码头,900.1059246021996,1238982.9023309466,177281.30639415642,6.988796097746865,5954.396533407576,0.004222048575379426,0.004805874659129951,0.033587278063987945
603,"1,091",马鞍山人头矶码头,254.157090203963,910446.0842939639,1901110.9741295152,0.47890212443323615,787970.8874779805,0.3893932953247104,0.8654778147451082,0.4144791641312671
606,"1,777",石岛新港,283.43320893650787,926710.3205024195,2524521.2824384533,0.36708358410324166,926710.3205024196,0.3670835841032417,1.0000000000000002,0.3670835841032417
607,"1,789",舟山册子船业,829.0878701131439,1666849.5906118979,2447075.214654235,0.6811599335525201,1257191.8027923435,0.44008026010959994,0.7542323013864919,0.5137528242955872
608,"1,945",丹东大东沟港1号码头,868.1679912614627,1295037.837411348,3568702.6348875975,0.36288757285380757,844882.1690869392,0.21022939983021574,0.652399601524983,0.2367477079281923
609,"1,795",舟山兴港船厂,589.1053843883772,911300.3281865731,22653926.826209776,0.040227035920864344,911300.3281865729,0.04022703592086434,0.9999999999999998,0.04022703592086434
610,"1,437",漳州招商局码头,672.002932141742,1073417.7916897298,5034535.118451161,0.2132109055622119,1044892.9359941233,0.2063757769668154,0.9734261385301768,0.2075450684939461
611,"1,830",岚山码头北区,1709.5383606145956,923986.2774569613,38291024.77652889,0.024130622850901968,923986.2774569612,0.024130622850901964,0.9999999999999999,0.024130622850901964
612,"1,371",小门屿码头,579.6209470922893,1071455.7014780818,944281.5174405284,1.1346782518652472,428686.7459702707,0.2701153827665474,0.4000974985516376,0.4539819302322305
613,"2,043",镇江电厂,435.94712185658943,1385284.0354194515,1092896.0428859838,1.2675350454754744,600690.5311942258,0.3199434756472948,0.4336226476560398,0.549631902415894
616,"1,879", 南通王子码头,190.02080442540137,1383101.454874038,393002.3308770887,3.519321251320014,393002.33087708877,0.28414569986326876,0.28414569986326876,1.0000000000000002
617,"1,719",南通江山化工码头,117.5689561247615,1110497.2459062554,308858.3045749732,3.5954909725818625,308858.3045749732,0.27812613287745697,0.27812613287745697,1.0
618,"1,152",东莞中联船厂,1770.2908963656496,1102334.3961109887,308814.27358968643,3.5695707432734536,0.0,0.0,0.0,0.0
622,"1,396",杨岐码头,45.65590083459662,1046530.6092965545,443055.2122880907,2.362077186479553,443055.2122880907,0.42335619078155656,0.42335619078155656,1.0
623,"2,038",紫金山船厂(东泽厂区),307.6200570365794,1647665.7078540528,545156.3942985762,3.022372524812842,536917.3154485436,0.3242440747557862,0.32586544278319274,0.984886761053893
625,"1,470",海口港集装箱码头,303.270877514,916336.9137259182,3307931.8808260877,0.2770120264680547,916336.9137259182,0.2770120264680547,1.0,0.2770120264680547
626,"2,039",仪征港公用码头,467.94757943435417,1112093.2308932508,1205625.3000665957,0.9224202833432755,701585.3117221404,0.43411353926198143,0.6308691503846454,0.5819265004503361
628,"1,036",深港宝安港一期货运码头,805.6638106586527,1069937.0482176165,4750167.570160037,0.2252419588182169,1069937.0482176167,0.22524195881821696,1.0000000000000002,0.22524195881821696
630,"1,195",中山港码头,222.8739353942533,2083645.977430872,287783.2055933717,7.240332086560311,232271.82076979984,0.10858098841546193,0.11147374519744001,0.8071069341620732
634,"1,047",汕尾干散码头,129.1175668216159,938369.4485182122,535051.3642725642,1.753793207861425,516420.08607580076,0.5396235046220677,0.5503377021612165,0.9651785240804053
635,"1,581",中石化江阴长山码头,1539.2911198311106,931122.7831156806,1656269.9537873992,0.5621805678394868,9014.468866536721,0.003496177802259137,0.00968128911675098,0.0054426326130733085
639,"1,670",三江水泥制造货运突堤码头,124.39947602419244,1106235.863540351,306456.7267169099,3.60976205479816,306456.7267169099,0.2770265698457277,0.2770265698457277,1.0
640,"1,692",干撒码头,338.34100738047573,910318.500217312,534297.0888394348,1.7037684075626285,303655.04262053757,0.26613982715616613,0.33357011040426926,0.568326215813972
643,"1,086",天津港太平洋国际集装箱码头,705.0397818063691,3197179.334413028,2281135.898568332,1.401573372467469,1971661.5150570406,0.5622629645404847,0.6166878078545504,0.8643332106142727
644,"1,900",天津港联盟国际集装箱码头,1305.776392501327,2294294.405930877,3870887.0043802387,0.5927050837016651,1487508.2955526684,0.31800176264122776,0.6483510972730342,0.38428099137728017
645,"1,465",小铲滩港区,160.7873047663858,1816079.5543074415,632709.4317749857,2.870321609103663,632709.4317749857,0.3483930152037135,0.3483930152037135,1.0
646,"1,200",大铲湾码头,907.987041488009,1707111.1741418326,2524097.7653685883,0.6763252983160686,1377304.7367365751,0.48260370316491596,0.8068043590827928,0.5456621988393744
648,"1,740",上海外高桥粮油码头,108.10070655282067,927989.3071693011,548306.9921694173,1.692463018750942,537342.1636721785,0.5722773277852734,0.5790391759052311,0.9800023916276251
650,"1,357",南京华润电厂,584.2036195980444,1315685.504105057,398806.7228796632,3.299055478816627,185933.3199746807,0.12163961697647514,0.14132048988497023,0.46622413642406074
651,"1,095",佛山中外运,1173.7062551992205,1055951.1364910428,388941.08438088174,2.7149385315565486,0.0,0.0,0.0,0.0
652,"1,076",陈家港干散码头,247.28300943257494,1964588.0101611565,217634.2867478973,9.02701517999731,217634.2867478973,0.11077858849909433,0.11077858849909433,1.0
653,"1,218",修理码头,1896.0053656703801,1053608.2651734243,1363442.0929398728,0.7727561519694757,0.0,0.0,0.0,0.0
654,"1,522",修理码头,1896.2618094278598,925989.761205351,23455133.064677436,0.03947919453929073,925989.7612053511,0.039479194539290746,1.0000000000000002,0.03947919453929074
655,"2,120",玖龙纸业码头,960.9400855010605,946826.1064379246,3167769.7997261574,0.2988935959045302,735538.6689763007,0.21767570578012835,0.7768466289374794,0.23219448238943546
657,"2,028",华能南京电厂,202.6571504486436,910619.8383725164,455360.6344118913,1.9997772524816575,373658.71749029134,0.37654996022891973,0.41033447959809877,0.8205775582091767
658,"2,040",南京大唐电厂,32.973528445524735,978069.8956698332,430579.9059371608,2.2715177419648875,429816.0228640826,0.4391103292492452,0.43945327912349474,0.9982259202936663
659,"1,358",梅山钢铁码头,650.1885658796231,2469138.8711642507,2491017.9769913736,0.9912168013120691,1657055.2676429388,0.5016664571925583,0.6711065493297275,0.6652120871661927
662,"1,056",连云港干散码头,387.30264989267727,2004381.4610034742,762791.0229720993,2.627694087423455,744828.0939938598,0.3682993350111821,0.3715999716046909,0.9764510482723701
664,"1,441",修理码头,642.5430345401161,918014.2587240601,4671155.645006854,0.1965282958844145,589787.0023325566,0.11797196053288692,0.642459522526694,0.1262614751368858
665,"1,843",石岛鑫弘重工船厂,725.51574798311,900862.512012997,6238689.487069406,0.14439931878003642,900862.5120129968,0.1443993187800364,0.9999999999999999,0.1443993187800364
667,"2,030",南京龙潭集装箱码头,676.6681337955072,966754.4937362646,1318061.7520004022,0.7334667683581867,494923.6267345126,0.2765102338990744,0.5119434457674528,0.3754935047492081
668,"1,655",泰兴太平洋码头,1141.9589751710587,1015510.6502400839,597551.9292554732,1.6994517137705023,0.0,0.0,0.0,0.0
679,"2,076",苏州中海粮油货码头,244.52071007178677,1066370.7370026975,716603.5785056704,1.4880901644761455,521582.34151203284,0.4134974316187842,0.4891191434773153,0.7278533866655895
685,"1,707",南通大港码头,510.3375223686852,938991.9864753494,4773922.232154505,0.1966919318774859,760440.8654140907,0.15354769449093905,0.8098480885534735,0.15929058506487195
687,"1,103",大连修理码头,493.6789743680023,914250.7518017503,5371293.061428479,0.1702105510434778,914250.7518017502,0.17021055104347776,0.9999999999999999,0.1702105510434778
688,"1,395",福州港沙埕港区福建鼎盛钢铁有限公司配套码头,577.4485487564068,1026509.2761495658,2477584.9679547246,0.41431849540036614,845034.315107293,0.3177943851103956,0.8232115722100583,0.3410717799942412
689,"1,954",大连长兴岛恒力石化码头,1024.8490246837762,909322.3480338824,9510585.145104054,0.09561160897676119,680153.1725406405,0.06983268264809062,0.7479780674160855,0.07151538650498028
690,"1,548",浙江沥港修理码头,1894.181387251645,908333.2601565319,1598096.0282641975,0.5683846552970508,0.0,0.0,0.0,0.0
691,"1,346",三沙港口码头,122.81603819330499,1056410.1587735328,226483.5901499365,4.664400445410499,226483.5901499365,0.21438982602446627,0.21438982602446627,1.0
692,"1,479",修理码头,136.52062025684896,908952.2718059714,1346015.0098928947,0.6752913341421792,777093.4309385759,0.5258185132234401,0.8549331522045608,0.5773289489545966
694,"1,219",粤电水东博贺电厂,195.9915880071445,913020.1081047666,572182.4870341965,1.595679925188273,518728.8795034157,0.5367232146218304,0.568146172136543,0.9065794414508423
696,"1,657",江苏新海油脂码头,88.81903025633086,1066248.30776754,503991.9665362729,2.1156057607334913,503991.9665362728,0.47267785830441983,0.47267785830441994,0.9999999999999998
700,"2,042",句容码头,226.72219949743186,1141748.4956977917,419946.80306156387,2.7187931599289072,415289.1567372004,0.3622530807490864,0.36373085517699066,0.988908961110294
701,"1,560",岱山金海（长宏国际）船厂,498.1339637340525,905538.1361553085,11429982.534651259,0.07922480488575281,905538.1361553083,0.07922480488575281,0.9999999999999999,0.07922480488575281
702,"1,899",天津港环球滚装码头,1192.7152939052803,1622493.2810988433,891082.3481728437,1.8208118300466294,27186.77724369037,0.010934241931432312,0.016756172466414136,0.030509837053148466
704,"1,903",大连集装箱码头,1830.0554199430187,934651.9756518673,7820571.366455564,0.11951198088426497,492310.9422084896,0.05958080134245532,0.526731826426762,0.06295076397104915
705,"1,726",太仓港区,340.2356578829533,1009842.9070004665,1130595.9600512807,0.8931952197623834,675138.3540907933,0.4607507798700838,0.668557801823013,0.5971526327231621
709,"1,243",秦皇岛西港,1196.1229852494778,1465737.4314121974,6159717.494344489,0.23795530115755412,1228556.9580233474,0.1920551123717034,0.838183518885553,0.1994502116617102
710,"1,536",浙江浙能温州苍南电厂,631.282335587346,921180.8602757375,1748756.8940398362,0.5267632473188999,702990.0738760491,0.3574015114214743,0.7631401217624331,0.4019941686989199
714,"2,093",中粮江阴麦芽码头,424.3196144181342,1021679.7033119805,1178625.1542255394,0.8668402330029297,639145.9425659031,0.40940479309085787,0.6255834783582201,0.5422809281428227
716,"1,870",广东陆丰甲湖湾电厂,343.79388592675167,1062465.4176258047,419585.8788220618,2.5321762987080305,352341.22913731006,0.3118864205362983,0.33162606828620844,0.8397356701480678
719,"1,606",舟山太平洋船厂,923.7859504259267,917797.9497320945,3093987.3567769914,0.2966392049798695,553521.3321645511,0.16005757116024183,0.6030971547998382,0.17890226052544528
721,"1,745",射阳电厂,1160.8342252170585,908327.4314802695,1038424.3495802223,0.8747169997000324,221232.34897272495,0.12821202987267907,0.24356013184825906,0.21304618777685347
722,"1,018",干散码头,163.81926195639178,988856.580494128,167052.6595056087,5.919430336641409,167052.6595056087,0.1689351750302689,0.1689351750302689,1.0
725,"1,009",福州新港干散码头,69.73457787553036,947093.8634839184,60534.74925737438,15.645457775949122,60534.74925737438,0.06391631451891701,0.06391631451891701,1.0
732,"1,828",连云港东泰港码头,752.868880771673,932689.1488022595,1703858.7523097512,0.5473981616949797,619243.3754793897,0.3069657394860584,0.66393329039435,0.3634358626499663
733,"1,368",大榭中石油燃料油码头,108.16431296283761,911732.6607821377,11732287.715729726,0.07771141339806714,908413.930770871,0.07740664574693082,0.996359974635087,0.07742854188215494
734,"1,402",中国石化上海石化储运码头,33.10939158887623,896652.4386483991,557975.5851793202,1.6069743237246414,557650.1733507604,0.6216989338747166,0.6219245599681346,0.9994167991625382
