prediction_index,reference_index,overlap_area_m2,relation
0,653,3436518.5671139914,部分重叠
0,654,2992467.067716244,部分重叠
1,436,2757228.5963739054,部分重叠
2,827,583794.2057354134,预测包含真实
3,797,11048112.3456045,真实包含预测
4,797,6373646.840468351,真实包含预测
5,575,854602.391445133,部分重叠
6,637,517478.9856893501,预测包含真实
7,329,2617620.3673097054,真实包含预测
8,736,113833.05370621906,部分重叠
8,740,1815337.9752327225,部分重叠
9,740,456765.7603972393,部分重叠
9,739,720111.025333296,部分重叠
10,738,319849.16343714925,部分重叠
10,737,1192881.915178773,部分重叠
11,739,255976.85144986762,部分重叠
11,738,649194.5809909077,部分重叠
12,766,2242191.1819117493,部分重叠
13,766,2203151.549654211,部分重叠
14,797,3185447.5408994677,真实包含预测
15,761,1039850.144551126,预测包含真实
15,763,597451.9066313319,预测包含真实
15,762,557414.6655201679,预测包含真实
16,736,1023264.1166913307,部分重叠
17,705,295017.0533186205,部分重叠
17,60,1679837.5501756053,部分重叠
17,700,797122.4286314052,预测包含真实
17,701,436048.64700163424,预测包含真实
17,702,193449.44086963058,部分重叠
17,708,305583.92694231187,部分重叠
17,707,337276.4855651953,预测包含真实
17,706,857431.0976430661,预测包含真实
18,60,1630345.891126932,部分重叠
18,709,376892.41744965257,部分重叠
18,708,836718.9553527014,部分重叠
19,60,698916.2424106355,部分重叠
19,54,122207.20609511789,部分重叠
19,712,353227.1668829218,部分重叠
20,726,3125991.3883370664,部分重叠
20,724,195151.82992911563,部分重叠
21,690,20171.44798692405,部分重叠
21,689,1019587.100828723,部分重叠
22,441,356869.3565047755,部分重叠
23,271,193049.716052442,预测包含真实
24,59,318495.06106578733,部分重叠
24,632,888873.5698920729,预测包含真实
24,48,505239.14739276795,预测包含真实
25,59,1116484.043685398,部分重叠
26,416,951374.3961309823,部分重叠
28,158,252731.3766446872,预测包含真实
29,917,1852181.137364563,部分重叠
30,705,11430.818893903397,部分重叠
30,702,104862.30686429722,部分重叠
30,704,320929.16953701235,部分重叠
30,703,496752.82037119876,预测包含真实
31,423,543571.8622796884,部分重叠
32,534,858180.0059708515,部分重叠
33,421,685554.1997142083,预测包含真实
33,420,443941.8538377963,部分重叠
34,459,233581.56144980981,预测包含真实
34,304,21005.454572869057,部分重叠
35,721,1177063.622256938,部分重叠
36,39,1493569.073308944,部分重叠
36,510,317164.2676266807,部分重叠
36,880,3798763.544274238,部分重叠
36,881,23498.387869755155,部分重叠
37,881,751805.1008685915,部分重叠
37,882,667711.1442694206,部分重叠
38,919,829530.0301867728,部分重叠
38,918,226549.31355229334,部分重叠
39,690,1440691.3421730045,部分重叠
39,689,20842.880237619796,部分重叠
40,622,807614.0669090635,预测包含真实
40,908,173020.65981919615,部分重叠
41,672,331769.01501334197,部分重叠
41,355,530402.8444791547,部分重叠
42,169,621671.8023733092,部分重叠
42,167,178318.84473868302,预测包含真实
43,123,838982.2117768616,部分重叠
44,227,249860.9499151887,预测包含真实
45,215,1276874.1476779983,部分重叠
46,171,223105.9391530265,预测包含真实
47,651,1169681.6084086094,部分重叠
47,650,1481226.9204832944,预测包含真实
47,649,85301.71910048572,部分重叠
48,321,656583.7009369143,部分重叠
49,577,1063839.6317448367,部分重叠
50,744,550829.2786941396,部分重叠
51,225,212875.12915599457,预测包含真实
52,404,958490.0118648016,预测包含真实
52,405,702318.500371161,部分重叠
53,337,911641.6142759956,部分重叠
54,174,1332229.014597023,部分重叠
54,784,1149895.6793683,预测包含真实
54,510,283090.73635001184,部分重叠
54,511,877531.7369028825,预测包含真实
55,768,619844.4493558941,部分重叠
55,767,2978506.658138158,部分重叠
56,814,789369.9680854573,部分重叠
57,549,85888.89166724983,部分重叠
57,693,346045.03071617626,预测包含真实
57,692,400461.81678389566,预测包含真实
58,513,534929.5689207771,预测包含真实
58,512,569374.2583699857,部分重叠
59,269,41011.01434434202,部分重叠
59,267,429770.7725211738,部分重叠
62,462,221997.98015720106,部分重叠
63,411,361678.6098709003,部分重叠
63,410,1932048.5740883225,部分重叠
64,824,205270.81488502282,预测包含真实
65,645,6299252.126908413,部分重叠
66,47,461955.86970051716,部分重叠
66,798,358115.609823225,预测包含真实
66,514,127999.69502411765,预测包含真实
66,515,313291.212479347,部分重叠
67,47,260050.34684187424,部分重叠
67,516,303242.3298356746,预测包含真实
69,859,22872.640302263346,部分重叠
69,858,335181.2762139683,部分重叠
70,646,3258622.991416717,部分重叠
71,638,4715875.323731368,部分重叠
71,639,814694.2987682886,部分重叠
71,642,122252.90513415054,部分重叠
72,640,49746.39681121329,部分重叠
72,639,2455994.2776020467,部分重叠
73,329,4082313.191905011,真实包含预测
74,778,2136409.620418342,部分重叠
75,327,551190.3589448878,部分重叠
76,539,344.71636494190784,部分重叠
76,898,128936.98526355196,部分重叠
76,540,436270.45290250395,部分重叠
76,541,351366.6041717093,预测包含真实
77,635,5097690.93374471,部分重叠
78,776,842607.6853160206,部分重叠
78,69,979331.2497602963,部分重叠
79,100,567343.3777966653,部分重叠
79,760,953155.6112295476,预测包含真实
80,718,444160.6340905665,部分重叠
82,559,285588.05605531373,部分重叠
83,522,113247.80968505741,部分重叠
83,523,746862.5610016756,预测包含真实
83,455,145824.11361359069,部分重叠
84,520,1085363.7599079441,部分重叠
84,519,294221.45151163137,部分重叠
85,619,2035628.913268099,部分重叠
87,586,2964434.9155617557,部分重叠
88,630,1456196.8657552153,部分重叠
89,872,142494.39020790145,预测包含真实
90,772,833881.7920226891,部分重叠
90,715,811813.4021620613,部分重叠
91,562,212716.69876235363,部分重叠
91,561,1596.2267717102895,部分重叠
91,558,485145.83196386194,部分重叠
91,559,22093.789678942896,部分重叠
92,300,902841.1436169349,部分重叠
93,743,1437400.6181837134,部分重叠
94,401,914574.737052546,部分重叠
95,31,65525.44540680015,预测包含真实
95,22,185316.73517012494,预测包含真实
96,403,1911133.0086798745,部分重叠
97,779,1774303.9880190785,部分重叠
99,724,405561.77530886757,部分重叠
99,725,2510862.5527085587,部分重叠
99,768,119733.99424775156,部分重叠
100,106,2503861.3878727555,部分重叠
101,615,110369.17988559531,部分重叠
101,443,181721.81417299988,预测包含真实
101,442,2307448.2304751542,部分重叠
102,407,768698.6348042305,预测包含真实
102,81,521610.8479584156,部分重叠
102,406,787850.1363996658,预测包含真实
103,159,231875.5391738818,预测包含真实
104,304,738621.1692182699,部分重叠
104,557,597048.0506596358,预测包含真实
106,743,1477642.4591755366,部分重叠
107,777,864028.6917202603,部分重叠
108,463,59058.42422436462,部分重叠
108,464,161801.222606891,预测包含真实
108,461,55049.089050064475,部分重叠
109,297,1198972.722803805,部分重叠
110,568,185934.72424316918,部分重叠
110,38,642692.9476943914,部分重叠
110,318,1243941.877050745,部分重叠
111,694,1492281.19143563,部分重叠
112,415,1306647.4782096124,部分重叠
113,296,776595.1421672838,部分重叠
114,294,21538.76902673712,部分重叠
115,729,1560445.02108899,部分重叠
116,136,269835.24585106585,部分重叠
116,475,504346.9808325153,预测包含真实
116,747,671741.4993292883,预测包含真实
117,409,1313144.4148463293,部分重叠
118,525,335785.90185108775,预测包含真实
119,598,251774.2039767478,预测包含真实
119,526,69293.84767638578,预测包含真实
119,888,125272.43014153457,部分重叠
120,354,1949670.9905055782,部分重叠
121,350,1086456.8265555557,部分重叠
122,273,702990.2229251937,部分重叠
123,713,1776955.913350896,部分重叠
124,89,458412.8785705499,部分重叠
124,359,482941.1002624318,预测包含真实
124,360,767902.7713173461,部分重叠
125,362,2222.400788267923,部分重叠
125,361,397143.56583987793,部分重叠
125,88,454336.76921234844,预测包含真实
125,133,397970.84621491097,预测包含真实
126,289,1352754.574273145,部分重叠
127,122,901406.0166014609,部分重叠
128,418,1236577.3624651001,部分重叠
129,683,1039846.3045007561,预测包含真实
129,811,238930.37237289382,部分重叠
130,402,834611.7027198706,部分重叠
131,250,929231.9524726111,部分重叠
132,432,788534.5554723974,部分重叠
132,466,32055.772842042035,部分重叠
133,741,667815.5456746039,部分重叠
133,690,3877.8247264995193,部分重叠
134,542,99010.06309783978,部分重叠
134,805,383769.24270567385,预测包含真实
134,539,242554.81982317753,部分重叠
135,916,20297.33743657981,部分重叠
135,915,1260681.8165125127,部分重叠
135,914,148817.9551204307,部分重叠
136,685,1358223.0627941866,部分重叠
137,375,500685.9591583596,部分重叠
137,374,335155.8677189603,预测包含真实
138,888,36905.523254464155,部分重叠
138,754,629710.8630028341,部分重叠
139,346,3162676.2980475994,部分重叠
140,248,1168955.6374379727,部分重叠
140,787,160530.5499676009,部分重叠
141,602,1223255.6482953024,部分重叠
141,753,90278.87021884303,部分重叠
142,528,513042.28566681367,部分重叠
143,665,1493459.8671607547,部分重叠
144,666,4263996.2104236735,部分重叠
145,900,2560752.0369857955,部分重叠
146,745,211599.9191987061,部分重叠
147,352,524978.5945983446,预测包含真实
147,353,238627.85216432728,预测包含真实
148,775,927842.8602041762,部分重叠
149,813,2542951.1250625956,部分重叠
150,412,1955537.805521868,部分重叠
151,892,222103.16232516099,部分重叠
151,891,1134518.8072944875,部分重叠
152,910,112206.33719791393,部分重叠
152,909,530683.0181648394,部分重叠
153,893,1844306.5937222377,部分重叠
154,893,1576822.1925453716,部分重叠
155,246,53.7887303574805,部分重叠
155,357,1266131.2129040426,部分重叠
157,723,542097.484419382,部分重叠
158,228,528002.7412020264,预测包含真实
159,236,167991.84831447963,部分重叠
160,479,857737.2835132043,部分重叠
161,371,310568.1441910325,预测包含真实
161,2,341905.3922928753,预测包含真实
161,98,391725.2576772134,预测包含真实
161,3,343450.0889750382,预测包含真实
162,382,2169923.931722391,真实包含预测
163,386,1250214.467032701,部分重叠
164,220,398770.15563658037,预测包含真实
164,219,13834.597434140112,部分重叠
165,121,181324.8376935459,预测包含真实
165,119,95020.44772064907,预测包含真实
166,786,144984.7702347821,部分重叠
166,249,314998.1709650564,预测包含真实
167,101,1098235.8374073647,预测包含真实
168,57,1746342.6599049245,部分重叠
170,163,285154.9413086448,预测包含真实
171,385,436464.2702168226,部分重叠
171,384,691026.9734993706,预测包含真实
173,286,760838.9645587393,预测包含真实
174,230,914039.0587165095,部分重叠
175,102,852878.6886762695,部分重叠
176,677,234313.60868997924,部分重叠
176,245,224842.83215504518,预测包含真实
176,166,267290.19057721033,预测包含真实
178,877,560222.721617382,部分重叠
178,876,790322.161780172,部分重叠
179,799,439352.7947648276,预测包含真实
179,889,345639.45349168073,预测包含真实
180,498,14138.040224706474,部分重叠
180,861,558268.6571979208,部分重叠
180,860,447736.6449669926,部分重叠
181,214,1110716.4859732767,部分重叠
182,107,1637700.198523732,部分重叠
183,620,3088209.7946507637,部分重叠
184,363,1605232.573057243,部分重叠
185,236,800160.0300055293,部分重叠
186,23,779235.8303385313,部分重叠
186,370,397929.46521983616,部分重叠
187,370,861026.1451625566,部分重叠
187,823,736393.193072152,部分重叠
188,791,1717394.9449589911,部分重叠
189,358,3340786.6248598215,部分重叠
190,362,1035877.7707899107,部分重叠
190,361,1628.1350964009089,部分重叠
191,820,1421558.0224215512,部分重叠
192,247,1051777.31538706,部分重叠
192,675,1189339.8569599402,部分重叠
192,246,15408.423941652389,部分重叠
193,182,245700.32800521553,预测包含真实
194,863,651446.7577216437,部分重叠
195,172,343828.5840850007,部分重叠
195,173,571807.682515317,预测包含真实
195,368,371150.54878715426,预测包含真实
196,252,614849.2164560347,预测包含真实
196,251,187452.04402052643,预测包含真实
197,387,126414.60994228887,部分重叠
197,84,382043.7217254281,预测包含真实
197,138,129795.51302447534,预测包含真实
198,298,270114.19985779055,部分重叠
198,560,805980.6778763906,部分重叠
198,299,310438.32503863826,预测包含真实
198,561,295950.66203548,部分重叠
198,558,299014.48728129134,部分重叠
199,601,178232.17630452875,部分重叠
199,659,938214.1107595678,部分重叠
200,750,550356.66319747,预测包含真实
200,573,794447.2493181797,预测包含真实
201,686,2483520.4463275652,部分重叠
203,686,1171152.677540353,部分重叠
204,369,327442.4950853496,部分重叠
204,172,153521.94289232363,部分重叠
204,115,311425.45989460207,部分重叠
205,771,2074021.0593155,部分重叠
206,168,332858.90548148943,预测包含真实
206,169,70386.65321507874,部分重叠
207,124,978037.5330467953,部分重叠
209,726,519275.09176334145,部分重叠
210,695,303023.03617635247,部分重叠
210,66,72269.29220217158,部分重叠
211,71,1354898.7944144595,真实包含预测
212,323,1450411.700859102,部分重叠
213,685,1425561.4897129894,部分重叠
214,80,282533.8177784829,预测包含真实
216,94,968893.5985567493,部分重叠
216,95,628947.1776294811,部分重叠
217,334,636161.6771491411,部分重叠
218,348,424339.4987430256,部分重叠
219,896,1571811.8540447166,部分重叠
220,334,1895870.5908272655,部分重叠
223,859,277827.8606405432,部分重叠
223,858,2728.8605260995955,部分重叠
224,223,83306.96241287501,预测包含真实
224,224,105194.95616673373,预测包含真实
224,222,220096.5504125928,预测包含真实
229,320,690449.8342690167,部分重叠
230,855,650996.1499767769,预测包含真实
233,418,1398191.8911901792,部分重叠
234,156,579426.7479760875,预测包含真实
235,663,4145335.829922525,部分重叠
236,292,513925.8474866467,部分重叠
237,920,3632995.019701262,部分重叠
237,919,49432.75564750699,部分重叠
238,66,763521.3480324976,部分重叠
239,155,402884.5192309016,预测包含真实
239,53,41264.63688577736,部分重叠
240,53,535992.4933774554,部分重叠
243,569,276979.74287345796,预测包含真实
244,254,727536.0227853891,部分重叠
245,242,557753.189107674,部分重叠
245,110,388714.78116670914,部分重叠
245,793,711641.4484217215,部分重叠
246,226,241494.5592200346,预测包含真实
249,873,624915.0603666699,部分重叠
250,519,2935.762004526716,部分重叠
250,521,601962.0807414312,部分重叠
250,819,217781.3150127666,部分重叠
251,689,726.7261612310757,部分重叠
251,688,1630983.8470913982,部分重叠
252,631,1247931.7416805816,预测包含真实
252,490,1079533.0316729,部分重叠
253,436,1405354.4537786243,部分重叠
256,720,1205799.5809613853,部分重叠
257,769,1374163.646471964,部分重叠
258,152,278176.70608645934,部分重叠
258,150,651595.8619752213,部分重叠
258,151,212319.2219584187,部分重叠
258,377,177241.01252055148,部分重叠
259,505,181364.4914404856,部分重叠
259,506,363383.5568673924,预测包含真实
259,866,500379.153999944,部分重叠
260,373,870989.7116084688,部分重叠
261,373,1080950.4533610384,部分重叠
262,160,858207.3676087286,部分重叠
263,789,578738.3951870879,部分重叠
263,135,270156.85997768014,部分重叠
264,671,1453451.4361767233,部分重叠
265,534,121207.82459323207,部分重叠
265,532,862588.1618712824,预测包含真实
265,531,357570.9580361977,部分重叠
266,426,21164.359200126743,部分重叠
266,42,617390.7395515797,部分重叠
267,770,1236326.7869199484,部分重叠
268,425,394413.69425072,预测包含真实
268,280,311239.83409453754,预测包含真实
270,282,1032975.9242937585,部分重叠
270,281,80214.99021529869,部分重叠
271,217,54699.441382179175,部分重叠
271,218,234504.88552399635,预测包含真实
271,216,583201.0546623401,预测包含真实
272,394,1170226.8393899065,部分重叠
273,684,780492.8237104857,部分重叠
274,213,1209438.7747832185,部分重叠
275,221,1299171.568037118,部分重叠
276,888,1278510.1539682199,部分重叠
276,754,28584.53657319197,部分重叠
277,843,81216.33982869853,部分重叠
277,844,415916.4266031085,部分重叠
278,578,714154.0064821483,部分重叠
280,507,1203677.9605285022,部分重叠
282,529,659187.0809897367,部分重叠
284,284,1049816.9852174711,部分重叠
286,617,1100896.0897132691,部分重叠
287,484,2709948.128810981,部分重叠
288,783,663029.8769088167,部分重叠
289,852,883388.4128538145,部分重叠
290,501,18618.070246440257,部分重叠
290,865,532412.0996490864,预测包含真实
291,686,1843045.5046988793,部分重叠
292,856,128648.05866712186,部分重叠
292,858,248091.12487007777,部分重叠
292,857,326251.14494935574,预测包含真实
293,850,495623.393534504,部分重叠
293,851,384321.32534577645,预测包含真实
294,440,380001.77935222746,部分重叠
294,471,2865218.396899402,部分重叠
294,470,99975.0558369207,部分重叠
295,854,658698.7565909474,部分重叠
295,599,105086.65739934186,预测包含真实
295,853,250004.74709212512,预测包含真实
296,600,570696.4723124332,部分重叠
297,801,642201.7570087777,部分重叠
297,709,154836.2530154059,部分重叠
298,108,1591240.3182144444,部分重叠
299,418,308432.3931052024,部分重叠
299,290,1640131.4706039503,部分重叠
300,293,153986.76574590371,部分重叠
300,564,780947.6151964709,部分重叠
301,82,1268261.5939898738,部分重叠
302,234,1413376.3866776805,部分重叠
303,41,1703305.162270684,真实包含预测
306,328,301804.50534387794,部分重叠
306,641,634215.6769954859,部分重叠
307,77,1040696.2159282889,部分重叠
308,469,236601.80602498533,部分重叠
308,795,1077255.3801649609,部分重叠
308,439,34226.06457203667,部分重叠
309,794,1415210.783550729,部分重叠
309,468,496920.3054520302,预测包含真实
310,666,2149494.2336488194,真实包含预测
311,771,1038766.3813498577,部分重叠
312,619,113822.74769904425,部分重叠
312,74,792624.3572451582,部分重叠
319,607,440248.79591901443,部分重叠
320,5,98009.68179247607,部分重叠
320,4,237199.05353096584,部分重叠
320,6,117145.11890506306,预测包含真实
320,7,99321.97778675886,预测包含真实
321,399,1397808.0232545643,部分重叠
323,232,1290359.1860527315,部分重叠
326,902,83495.83357905841,部分重叠
326,903,881224.5528118096,部分重叠
327,209,1127376.4489050966,部分重叠
328,465,2565842.481633735,部分重叠
329,487,925475.6462922879,部分重叠
330,209,2496931.400897579,部分重叠
332,209,1604476.5290127704,部分重叠
337,649,202245.90690045417,部分重叠
337,648,352225.64843809063,预测包含真实
339,333,1143212.4762957492,部分重叠
339,332,139383.4807903834,部分重叠
341,69,971348.1547883638,部分重叠
343,720,982568.3164094401,部分重叠
344,257,85589.2321262479,部分重叠
344,256,1353734.4223925315,部分重叠
345,131,55821.32771082924,部分重叠
345,132,568525.6280466036,部分重叠
346,820,2237976.409104792,部分重叠
347,837,554205.8568007855,部分重叠
348,886,104235.68153011144,部分重叠
348,518,526092.7344449183,预测包含真实
348,454,276265.7847568851,部分重叠
349,614,1979498.9468670068,部分重叠
349,474,65618.92424983662,部分重叠
349,615,1392767.5672718233,部分重叠
350,783,488736.4141345624,部分重叠
351,316,225034.64500292143,部分重叠
351,317,269930.22473986977,预测包含真实
352,500,678902.2535081364,预测包含真实
352,862,68171.85936943599,部分重叠
353,628,1039893.1823958437,部分重叠
353,563,234193.48279704122,部分重叠
354,619,2582368.400110798,真实包含预测
355,437,365622.16953232937,部分重叠
355,63,730421.2903210468,部分重叠
357,758,1309083.7878273427,部分重叠
358,838,446468.12004809536,预测包含真实
359,893,450896.462592023,部分重叠
359,895,1234678.6337091422,预测包含真实
360,275,374389.1664054314,部分重叠
360,748,414891.81407471397,部分重叠
361,426,876234.417362457,部分重叠
361,42,8793.1497026427,部分重叠
362,624,41293.83478002938,部分重叠
362,910,615578.5507623884,部分重叠
363,802,671500.1449150103,预测包含真实
364,843,400330.1245349697,部分重叠
365,835,745088.0331139297,部分重叠
366,764,658579.6196597909,部分重叠
367,755,693337.9915881356,部分重叠
367,901,73559.42813823331,部分重叠
368,898,807193.7662507852,部分重叠
369,340,681326.5485411251,部分重叠
369,339,1226.0438475476606,部分重叠
370,617,779653.4114246776,部分重叠
370,472,241650.49659877998,部分重叠
372,141,557077.7564839086,部分重叠
373,120,189614.61078389653,预测包含真实
374,677,845392.2963375014,部分重叠
374,676,359775.33288495213,部分重叠
374,790,18132.966545033018,部分重叠
375,664,2789438.912631902,部分重叠
376,661,1927337.7115755775,部分重叠
377,85,1120560.029604543,部分重叠
378,134,458776.6260756996,部分重叠
379,634,1342868.3928573905,部分重叠
381,647,1390841.9725755858,部分重叠
382,161,1370456.0606780783,部分重叠
383,149,1330380.0981920264,部分重叠
384,590,3008321.5270768153,部分重叠
385,653,2111480.4262448964,部分重叠
386,560,612515.0858036254,部分重叠
387,756,874567.995183836,部分重叠
388,397,571914.8599024906,部分重叠
391,87,1006005.6104462318,部分重叠
392,746,346631.46567707544,预测包含真实
392,336,557767.7061193013,部分重叠
393,161,1501584.0155984326,部分重叠
393,118,33400.897072472166,部分重叠
393,806,11.908496309785798,部分重叠
394,719,552494.7496870985,部分重叠
396,76,1044891.7153483587,部分重叠
396,431,494950.7724474636,部分重叠
398,25,513933.12510510767,部分重叠
398,555,591605.582821201,部分重叠
399,601,808398.7654691542,部分重叠
400,837,1954.7604965722317,部分重叠
400,836,7534.713850353048,部分重叠
401,774,61301.919265048506,部分重叠
401,773,1173987.5702356705,部分重叠
402,276,839372.5329315882,部分重叠
403,451,49449.52393042752,部分重叠
403,829,224266.12547494727,预测包含真实
404,884,601306.8460837369,部分重叠
404,803,463552.9887248814,部分重叠
405,781,1242813.0947181468,真实包含预测
407,912,703288.4354623446,部分重叠
407,913,219811.34378972097,部分重叠
408,759,4637656.989232226,部分重叠
409,874,603788.9469092466,预测包含真实
409,508,290843.6658720473,预测包含真实
410,911,702153.7834347407,部分重叠
410,624,69592.15464041964,部分重叠
411,730,566113.6434984843,部分重叠
412,611,1212568.6780890706,真实包含预测
415,710,667821.9107689325,部分重叠
417,455,149198.7733581792,部分重叠
417,524,537699.3036837984,预测包含真实
418,619,719026.2588668622,部分重叠
419,105,1757950.6600606178,部分重叠
421,596,388739.6214012906,部分重叠
421,595,271963.75891311985,部分重叠
422,690,385656.1575187628,部分重叠
423,725,188.2480387180855,部分重叠
423,768,404349.34705207584,部分重叠
424,71,1469284.2147591396,真实包含预测
425,433,1093336.3609317078,部分重叠
426,126,3515.789370896416,部分重叠
426,127,782565.5277448047,部分重叠
427,341,496099.70337508316,部分重叠
427,786,188193.60073223646,部分重叠
428,64,1806483.6279011047,部分重叠
429,745,291781.56749404746,部分重叠
429,126,232357.6066819536,部分重叠
430,668,1877319.504691579,部分重叠
432,822,467404.9692325928,部分重叠
432,165,9763.048189400086,部分重叠
433,363,1517909.3691392432,部分重叠
435,556,142960.43413968734,预测包含真实
438,451,765690.8273870171,部分重叠
439,616,595515.5416078782,部分重叠
439,274,203599.26021963352,部分重叠
440,582,3335007.6759755607,部分重叠
442,107,1372842.7618910354,部分重叠
443,655,2290012.501260503,部分重叠
444,840,611867.122112469,预测包含真实
447,339,333534.5348160248,部分重叠
448,244,1397222.816540671,部分重叠
449,892,1740349.899460013,部分重叠
451,8,329204.27038576064,部分重叠
452,15,671832.7975038629,部分重叠
454,807,1550479.08326854,部分重叠
455,609,1028320.5253245422,部分重叠
456,344,399742.53081540385,部分重叠
457,418,802469.4761217806,部分重叠
458,751,1586010.6993688075,部分重叠
460,627,81962.14691206049,部分重叠
460,626,649268.9454076526,部分重叠
461,713,2211064.852622834,部分重叠
462,157,476508.77187755296,部分重叠
466,266,966694.2821762234,部分重叠
469,576,1302166.200008733,真实包含预测
471,892,769024.5312426223,部分重叠
473,175,453438.2724556863,部分重叠
473,892,483846.7955050207,部分重叠
474,587,3574452.289791864,真实包含预测
475,587,2751238.033096459,真实包含预测
476,587,4245487.090225551,真实包含预测
477,587,2724129.7667926815,真实包含预测
478,312,937035.1842951472,预测包含真实
479,587,2012756.078026806,真实包含预测
480,686,1353314.3672843657,真实包含预测
482,587,4270185.733712933,真实包含预测
483,664,3700399.4719642336,真实包含预测
484,660,1264261.2094463753,部分重叠
487,83,785905.1778425841,部分重叠
489,275,1688646.0431068845,部分重叠
490,444,513551.4452934946,部分重叠
491,439,898020.9293196375,部分重叠
491,438,192208.90679515284,部分重叠
493,563,145325.4826025976,部分重叠
493,457,664903.2575388862,部分重叠
495,275,2373884.990371154,部分重叠
496,723,805641.1957724168,部分重叠
497,315,619738.1565372938,部分重叠
498,651,1819947.6238989995,部分重叠
499,629,288037.17866944347,部分重叠
499,263,882585.8038292804,部分重叠
500,246,648606.9891622053,部分重叠
500,357,67770.51543241159,部分重叠
501,831,43719.78463788242,部分重叠
501,830,868976.1378708364,部分重叠
502,330,441098.85382264026,部分重叠
503,210,1497685.1828995547,真实包含预测
504,309,1691021.2929856633,部分重叠
505,774,205270.5974373817,部分重叠
505,773,951116.0768984571,部分重叠
506,307,449641.948854785,部分重叠
507,595,735931.2187960759,部分重叠
508,177,239461.22761342867,部分重叠
508,178,481515.39926720574,预测包含真实
509,44,22822.537934817636,部分重叠
509,43,148810.73781398285,部分重叠
509,45,339300.9758468518,预测包含真实
509,37,247433.24697283644,预测包含真实
510,584,980649.2660990594,部分重叠
513,414,727312.7016954699,部分重叠
514,554,640580.9107638951,部分重叠
515,554,1381627.7123697114,部分重叠
516,1,213229.19406605404,预测包含真实
516,14,230466.71013101458,预测包含真实
517,777,1099612.3850507129,部分重叠
518,640,1754845.2120987438,部分重叠
519,574,434026.1151346177,部分重叠
521,417,189882.1315959942,部分重叠
522,467,1036808.9126651884,部分重叠
523,652,1301122.8181182959,部分重叠
525,268,548411.6523886316,预测包含真实
527,19,99084.6429776756,预测包含真实
527,5,117737.1868023619,部分重叠
527,21,665671.5821051011,预测包含真实
527,20,108782.03230144164,部分重叠
528,652,966623.0897985295,部分重叠
529,627,2308464.977373495,部分重叠
529,626,4748.585607593942,部分重叠
530,309,1200019.6714352986,部分重叠
531,34,1062045.6973377136,部分重叠
532,644,3749257.1707559233,部分重叠
533,243,1113207.3103239562,部分重叠
533,242,3968.1242964457574,部分重叠
534,339,192338.3633437989,部分重叠
535,40,138749.40659493947,预测包含真实
535,61,388941.08438088174,预测包含真实
537,51,255104.0461169852,预测包含真实
537,367,26384.094338874373,部分重叠
538,309,322396.6554890078,部分重叠
540,10,197511.63386746653,预测包含真实
543,438,85234.91136146593,部分重叠
543,27,531467.0993394695,部分重叠
543,437,327535.2762682323,部分重叠
545,430,751455.4371608084,部分重叠
546,428,415920.9551831358,部分重叠
546,604,19177.85036351379,部分重叠
547,612,2981269.792070972,部分重叠
548,461,64232.38657908319,部分重叠
548,462,24689.562927440227,部分重叠
549,614,1571.0814837580117,部分重叠
549,474,601605.3198135378,部分重叠
550,658,645024.3351818271,部分重叠
551,883,874914.2982204157,部分重叠
552,602,75750.39090450082,部分重叠
552,753,918051.7364267294,部分重叠
553,349,968446.8817882529,部分重叠
554,759,989782.2615615426,部分重叠
556,587,2074888.2555388876,真实包含预测
557,453,1331931.2228259945,部分重叠
560,674,509351.90581721626,预测包含真实
561,319,196615.79326880953,预测包含真实
562,12,368130.23642478936,部分重叠
563,417,684882.3713380632,部分重叠
564,535,941063.7517765774,预测包含真实
564,533,53493.91265211585,部分重叠
567,782,781747.1262024282,部分重叠
568,16,73723.3907947104,部分重叠
568,275,1062384.9888885394,部分重叠
570,611,58870.548436153054,部分重叠
573,743,2003998.0858751847,部分重叠
574,686,1913847.5187885968,真实包含预测
575,716,1976303.3936081622,部分重叠
576,491,870268.7696818311,部分重叠
579,666,2045918.7165373252,部分重叠
583,899,370376.01284872217,部分重叠
583,545,720812.5803151788,部分重叠
585,606,970358.2322506093,部分重叠
586,339,421247.83799607365,部分重叠
587,783,65688.92950051857,部分重叠
587,792,273211.6707945883,部分重叠
588,608,1191771.6249387101,部分重叠
589,196,162822.33562770832,部分重叠
589,197,472526.5371474772,部分重叠
590,9,189345.25771579437,预测包含真实
591,470,1137837.7815668306,部分重叠
592,816,263805.4582403399,部分重叠
594,140,850508.7268174468,部分重叠
595,269,700801.6265225727,部分重叠
595,267,22834.061394322907,部分重叠
596,208,357510.84541580366,部分重叠
596,201,177044.108365359,部分重叠
597,393,870954.1745110906,部分重叠
598,203,21125.09671608506,部分重叠
603,58,956667.5338079941,部分重叠
606,601,1049750.1326271617,部分重叠
606,659,533.8710672446524,部分重叠
607,613,1358983.9110126037,部分重叠
608,757,1085800.1315498408,部分重叠
608,713,487667.7481240358,部分重叠
609,619,1223571.2803526735,真实包含预测
610,323,1279911.5726384132,部分重叠
611,644,1245670.5807946124,真实包含预测
612,279,46179.8196846943,部分重叠
612,278,448394.62529432244,部分重叠
613,837,536735.4255884795,部分重叠
615,890,862023.260130234,部分重叠
616,691,393002.33087708877,预测包含真实
616,456,38336.09183267503,部分重叠
617,548,121638.24864582834,部分重叠
617,547,308858.3045749732,预测包含真实
617,546,100263.99187166351,部分重叠
619,358,1266325.809892646,部分重叠
622,302,443055.2122880907,预测包含真实
623,832,543937.2966672376,部分重叠
625,356,1213841.4880181868,部分重叠
626,833,727614.8512918869,部分重叠
627,35,1193005.2765597184,部分重叠
628,29,1359032.302262561,部分重叠
630,112,104777.93832098793,预测包含真实
630,113,68249.06262533995,预测包含真实
630,111,241621.14824313374,部分重叠
634,32,534788.7940467976,部分重叠
635,454,31418.282687987627,部分重叠
638,720,1383315.781581543,真实包含预测
639,512,150829.94542148913,部分重叠
639,509,306456.7267169099,预测包含真实
640,527,360663.9875675983,部分重叠
642,720,1285716.794508261,部分重叠
643,54,1270048.4897366774,部分重叠
643,712,111452.90150035199,部分重叠
644,712,782473.119427081,部分重叠
645,13,258073.8906569492,部分重叠
645,351,632709.4317749857,预测包含真实
646,116,1506113.8686543799,部分重叠
648,567,540061.2878622185,部分重叠
648,176,226660.25825827825,部分重叠
650,265,584189.4597821842,部分重叠
650,264,247010.90610371728,部分重叠
652,46,217634.2867478973,预测包含真实
654,408,1233196.1716585238,真实包含预测
655,914,786056.0837258272,部分重叠
656,408,951999.8055280385,部分重叠
657,808,427254.26003292104,部分重叠
657,814,29579.34425897945,部分重叠
658,834,430579.90593716083,预测包含真实
659,265,1718617.1547617766,部分重叠
662,36,762791.0229720993,预测包含真实
664,327,767947.7197911772,部分重叠
665,657,1217728.795361325,真实包含预测
667,815,616415.6075959186,部分重叠
675,83,4610.97751681425,部分重叠
679,870,585169.675405223,部分重叠
681,327,1556482.5983797936,部分重叠
682,652,285766.0404141593,部分重叠
685,537,998645.5296104543,部分重叠
687,68,1227049.2921790467,真实包含预测
688,301,996455.3654711114,部分重叠
689,766,731163.5454872225,部分重叠
691,253,226483.5901499365,预测包含真实
692,365,953657.0691566354,部分重叠
694,131,392680.93231727346,部分重叠
694,132,3.328085610463502,部分重叠
696,504,171813.45998385246,部分重叠
696,505,298697.9237059672,部分重叠
700,836,412412.0892112067,部分重叠
700,835,198114.16872319573,部分重叠
701,446,1224117.4228745287,真实包含预测
702,712,1144534.6091998387,部分重叠
702,711,68597.14859567478,部分重叠
703,653,2001361.6008967785,部分重叠
704,715,638521.0143838627,部分重叠
705,553,759268.5633121565,部分重叠
705,552,57800.46097154339,部分重叠
708,613,685842.923589116,部分重叠
709,153,1560290.8299273057,部分重叠
710,422,795196.359398363,部分重叠
714,886,53951.613065885984,部分重叠
714,887,680543.1829999354,部分重叠
716,682,383370.3824150081,部分重叠
719,477,722688.3846334892,部分重叠
721,572,279543.9569540543,部分重叠
722,18,167052.6595056087,预测包含真实
723,737,261594.06824346734,部分重叠
725,11,60534.74925737438,预测包含真实
726,230,16538.510880405178,部分重叠
732,642,705302.2784846715,部分重叠
733,275,1145108.2446786738,部分重叠
734,457,96898.74648503984,部分重叠
734,308,557975.5851793202,预测包含真实
735,727,936674.9062412479,部分重叠
736,611,1096038.2349517494,部分重叠
