cluster_id,reference_pid,reference_name,center_distance_m,predicted_area_m2,reference_area_m2,area_ratio_predicted_to_reference,intersection_area_m2,iou,predicted_area_precision,reference_area_recall
1,95,日照锚地,6797.80217674539,1242937523.3142307,915804823.433296,1.3572078804461134,862274405.0951943,0.6650950458491401,0.6937391372624931,0.9415482240665436
2,18,京唐锚地,9959.13957937581,2004311916.1255023,1585293952.1009362,1.264315626429569,1580267133.1484761,0.7864612897571825,0.7884337365030792,0.9968290934650964
16,63,鲅鱼圈1号锚地,3461.4978955216898,3409961235.607127,21562587.510994196,158.14248794902178,21562587.510994192,0.00632341132967603,0.006323411329676033,0.9999999999999998
22,117,温州2号锚地,4152.987307905187,956586943.4378246,63195409.85537338,15.136968739138384,44953905.03001196,0.04611468316307824,0.04699406085186007,0.7113476300397729
29,87,石岛锚地,3216.761814354465,3292920558.2357383,711248553.5790546,4.629774699246166,711050366.3231612,0.21592005065004363,0.21593304598399532,0.9997213530278606
32,35,汕头1号锚地,835.486721339614,886083447.5305415,83081774.13021065,10.665196510390105,81328040.27055272,0.0916024266332336,0.09178372589761023,0.9788914731537945
47,103,大丰2号锚地,4436.258536584274,809671289.8141788,250103925.49107146,3.2373393909128527,250103925.49107146,0.3088956328789561,0.3088956328789561,1.0
58,92,青岛1号锚地,2840.8957254170805,469303091.81747454,194543825.30790547,2.4123258143747623,194543825.30790544,0.4145377021798293,0.4145377021798295,0.9999999999999999
62,178,鼠浪湖5号锚地,7674.803681903503,1139741700.0098758,89458513.36315617,12.740449814799659,79062240.11945866,0.06874152663249883,0.06936855966467981,0.8837866531327889
69,54,绥中1号锚地,3723.1830955497753,586310240.50911,279712752.88805664,2.096115512987555,276075372.14785254,0.4679659044360865,0.4708690946761025,0.9869960139369841
70,126,台州3号锚地,9989.655585570898,462097639.91721517,50896786.579157986,9.079112277521311,50896786.57915797,0.11014292691102286,0.11014292691102281,0.9999999999999997
72,51,宁德2号锚地,1194.9004839837203,94183599.55690752,36915136.61385882,2.5513544902214655,23916274.231583573,0.22313607841135902,0.253932471726491,0.6478717519524182
77,124,台州2号锚地,6111.99682715528,897039398.532322,17296065.86724496,51.863782516642836,17296065.86724496,0.019281277829651253,0.019281277829651257,1.0
78,133,舟山3号锚地,7527.558287222561,1225315235.129474,203549093.02070025,6.019752861315199,203442516.31558147,0.1660183573940192,0.16603279750625524,0.999476407860447
80,165,水东1号锚地,6812.558305521768,612682845.1525781,77149106.47726175,7.941541686333786,77149106.47726175,0.12592013484243883,0.1259201348424389,1.0
87,56,锦州1号锚地,6819.032376916852,485897553.49172646,448553370.1530733,1.0832547157675108,319427289.908498,0.5193740083904714,0.6573963742213759,0.7121277225037685
88,45,海口2号锚地,4749.475564693829,270814802.93325186,113865306.08457084,2.378378561878281,106683421.11003199,0.38375788543717415,0.3939349694127556,0.9369264860254741
93,33,汕尾红海湾电厂锚地,9271.444543128473,797734433.1005168,75789529.39601015,10.525654921701,75789529.39601012,0.09500596470612721,0.09500596470612724,0.9999999999999996
99,74,龙口1号锚地,4832.139337526193,657615349.366591,336384798.13131315,1.9549496678202456,325284844.4568166,0.4864324817714347,0.49464302311393427,0.9670022137261878
101,29,防城锚地,9457.86554736112,1012104895.1088097,368127053.35829353,2.7493358227159157,368127053.3582935,0.3637242099483343,0.3637242099483342,0.9999999999999999
105,114,苍南2号锚地,9935.715429438322,544854194.9518592,224375504.0357952,2.428314076856345,191580405.34711522,0.33165522308477635,0.3516177486052803,0.8538383286107377
106,101,滨海锚地,8664.597721765811,693450925.1690726,338198689.30677253,2.0504246382222338,331562527.2447497,0.473601832246483,0.4781340902586731,0.9803779190403565
112,22,高栏锚地,7292.099721110457,484261097.4220996,161556806.15889606,2.997466395478343,154512483.03119677,0.31449374781636086,0.31906854350622776,0.9563972370141375
116,108,上海南港2号锚地,3714.589496180801,1885749697.4875214,311640974.61890507,6.051032601837866,311640974.618905,0.16526104977459108,0.1652610497745909,0.9999999999999998
123,171,靖海锚地,2848.599362746677,507635647.6224299,23146477.227123745,21.931443071931785,20790366.28148836,0.04076608284781449,0.04095529220389158,0.89820865946398
132,79,烟台2号锚地,1550.6346328086483,417476980.9859194,164538362.13311607,2.537262286883402,164538362.13311607,0.39412559165427524,0.39412559165427513,1.0
143,32,惠州锚地,1663.081370097831,933425419.2797942,546986594.4981935,1.706486829235953,495554636.9640888,0.5031740114160038,0.5308990163846677,0.9059721791147579
150,77,蓬莱2号锚地,2144.4494485471255,830308267.6560416,99407673.85245474,8.352557055991692,99407673.85245475,0.11972381550900656,0.11972381550900654,1.0000000000000002
151,38,广东陆丰甲湖湾电厂锚地,5150.60508478759,351840310.9126972,71947648.65931486,4.890226678271652,71947648.65931484,0.20448949829733223,0.20448949829733223,0.9999999999999998
152,36,汕头华能海门电厂锚地,9880.189692527489,346536226.97662187,34363443.086407885,10.084444277171132,34363443.08640789,0.09916262835263721,0.09916262835263723,1.0000000000000002
161,175,揭阳2号锚地,8405.957942907522,316852312.27306396,9360766.293415522,33.848971584296656,9360766.293415524,0.02954299505110885,0.02954299505110885,1.0000000000000002
162,43,福州2号锚地,1017.3349382435614,567244589.4171069,130977545.32412475,4.330853720104236,130977545.32412472,0.23090135678282192,0.23090135678282192,0.9999999999999998
163,81,威海锚地,2197.9979043971093,466870590.0468245,195618182.71892148,2.3866420981819383,194590310.7628452,0.4158814925996431,0.4167971059032201,0.9947455193490208
171,147,马迹山3号锚地,2192.8293516594777,518415358.5199904,29495152.479255483,17.57629016783697,29495152.479255486,0.05689482765992964,0.056894827659929634,1.0000000000000002
180,88,乳山1号锚地,921.5467162792891,231780440.43740624,35881248.069961175,6.459653799819931,35746327.39849404,0.15413522945430405,0.15422495242064035,0.9962397999310374
199,76,蓬莱1号锚地,1944.590391753254,527530661.74706167,57138668.781497285,9.232463286192052,57138668.78149729,0.10831345535872171,0.10831345535872172,1.0000000000000002
206,113,宁德3号锚地,2198.2675812773386,317322535.18206936,61281511.98605186,5.178112042246843,61085132.83652142,0.19238265841614435,0.19250171690917808,0.9967954584806077
207,90,海阳锚地,3904.314215664142,437848724.6406105,265570256.92745852,1.648711454762837,206271716.2254261,0.4149106926762746,0.4711026996703838,0.7767124173162583
218,82,张家埠锚地,7175.234099170166,559337964.4489756,167150850.52070946,3.3463064214541665,167150850.52070946,0.2988369485796943,0.2988369485796944,1.0
226,115,苍南1号锚地,4216.766628375515,482569021.6174639,100225992.24201556,4.814809121093111,100225992.24201556,0.2076925532975166,0.2076925532975166,1.0
257,46,海口1号锚地,4257.688682740203,239538246.7206166,64806277.602854595,3.6962198043305823,63465594.95721855,0.26347507905401013,0.2649497348590061,0.9793124571379951
266,148,马迹山4号锚地,3370.077404326923,532054540.71456516,29424687.009633478,18.08190994658239,29424687.00963348,0.05530389228539478,0.05530389228539474,1.0000000000000002
267,149,马迹山2号锚地,2626.528743656248,400525043.2958339,29249212.546180695,13.693532523771607,29249212.546180695,0.07302717529344796,0.07302717529344796,1.0
